,method,step,range,host,mean,std
7,CF4,1e-10,"(0.1,0.15)",host#053336e2,1.0980799602933188e-16,0.005237694951875887
127,CF4,1e-10,"(0.1,0.15)",host#2a9a8c7d,2.7265516233665467e-16,0.015007861562097755
247,CF4,1e-10,"(0.1,0.15)",host#2ea82f5c,-1.3706483864561748e-16,0.022911147420905352
367,CF4,1e-10,"(0.1,0.15)",host#b1a00ec8,1.057313958607864e-16,0.012460679407385926
487,CF4,1e-10,"(0.1,0.15)",host#b9ec88ad,-7.971054372113429e-17,0.028756024908511986
607,CF4,1e-10,"(0.1,0.15)",host#e0324c47,-1.5178830414797062e-17,0.029703630163994073
727,CF4,1e-10,"(0.1,0.15)",host#e739d7ed,-1.609823385706477e-16,0.02716093068301517
847,CF4,1e-10,"(0.1,0.15)",host#ea9ebc36,-1.613726513527425e-16,0.010175093215442138
967,CF4,1e-10,"(0.1,0.15)",host#fe823726,1.6132928326584307e-17,0.026383322068505348
47,CF4,1e-10,"(0.1,0.2)",host#053336e2,6.540991706605048e-17,0.00608563699529446
167,CF4,1e-10,"(0.1,0.2)",host#2a9a8c7d,1.5334955527634976e-16,0.01623270318508088
287,CF4,1e-10,"(0.1,0.2)",host#2ea82f5c,5.204170427930421e-19,0.015008359958472653
407,CF4,1e-10,"(0.1,0.2)",host#b1a00ec8,2.095545958979983e-16,0.012776421305467356
527,CF4,1e-10,"(0.1,0.2)",host#b9ec88ad,-8.049116928532385e-17,0.03138361767518545
647,CF4,1e-10,"(0.1,0.2)",host#e0324c47,3.4694469519536144e-19,0.031435603233188246
767,CF4,1e-10,"(0.1,0.2)",host#e739d7ed,3.2265856653168614e-17,0.017350866292941223
887,CF4,1e-10,"(0.1,0.2)",host#ea9ebc36,-9.729630295884917e-17,0.012490867273323365
1007,CF4,1e-10,"(0.1,0.2)",host#fe823726,4.831204880595408e-17,0.015354967960845454
87,CF4,1e-10,"(0.1,0.3)",host#053336e2,2.1875134082610658e-17,0.0039581556833067485
207,CF4,1e-10,"(0.1,0.3)",host#2a9a8c7d,6.544244313122505e-17,0.013729582626202708
327,CF4,1e-10,"(0.1,0.3)",host#2ea82f5c,-4.649058915617843e-17,0.022155414205519024
447,CF4,1e-10,"(0.1,0.3)",host#b1a00ec8,-4.254409324833119e-17,0.013281767762591865
567,CF4,1e-10,"(0.1,0.3)",host#b9ec88ad,1.2628786905111155e-16,0.07955639398239658
687,CF4,1e-10,"(0.1,0.3)",host#e0324c47,-4.753142324176451e-17,0.014017123529907572
807,CF4,1e-10,"(0.1,0.3)",host#e739d7ed,-4.844215306665234e-17,0.01194875572642987
927,CF4,1e-10,"(0.1,0.3)",host#ea9ebc36,4.926614671774132e-17,0.0656774483174837
1047,CF4,1e-10,"(0.1,0.3)",host#fe823726,4.85722573273506e-17,0.031556313902120284
6,CF4,1e-09,"(0.1,0.15)",host#053336e2,5.551115123125783e-17,0.05189165552009001
126,CF4,1e-09,"(0.1,0.15)",host#2a9a8c7d,2.693158196453993e-17,0.03167847527910597
246,CF4,1e-09,"(0.1,0.15)",host#2ea82f5c,-5.741934705483232e-17,0.025070392771124033
366,CF4,1e-09,"(0.1,0.15)",host#b1a00ec8,2.6107588313450948e-17,0.024618190295113012
486,CF4,1e-09,"(0.1,0.15)",host#b9ec88ad,8.014422459012849e-17,0.04750721280219135
606,CF4,1e-09,"(0.1,0.15)",host#e0324c47,7.91033905045424e-17,0.04923110400502818
726,CF4,1e-09,"(0.1,0.15)",host#e739d7ed,-1.214306433183765e-16,0.05037161719686533
846,CF4,1e-09,"(0.1,0.15)",host#ea9ebc36,-5.915407053080912e-17,0.03393625690731947
966,CF4,1e-09,"(0.1,0.15)",host#fe823726,-6.38378239159465e-17,0.07716426488950903
46,CF4,1e-09,"(0.1,0.2)",host#053336e2,1.633242152632164e-16,0.022199982510264855
166,CF4,1e-09,"(0.1,0.2)",host#2a9a8c7d,1.3877787807814457e-17,0.019666891399726178
286,CF4,1e-09,"(0.1,0.2)",host#2ea82f5c,3.7730235602495554e-17,0.02449026554366573
406,CF4,1e-09,"(0.1,0.2)",host#b1a00ec8,-1.330532906074211e-16,0.013723698938841554
526,CF4,1e-09,"(0.1,0.2)",host#b9ec88ad,-1.0408340855860843e-17,0.07153819002318021
646,CF4,1e-09,"(0.1,0.2)",host#e0324c47,2.789435349370706e-16,0.03803076205935709
766,CF4,1e-09,"(0.1,0.2)",host#e739d7ed,6.002143226879753e-17,0.028190643376483228
886,CF4,1e-09,"(0.1,0.2)",host#ea9ebc36,4.1806835771041053e-17,0.021906676272845763
1006,CF4,1e-09,"(0.1,0.2)",host#fe823726,6.938893903907229e-19,0.04973948363321221
86,CF4,1e-09,"(0.1,0.3)",host#053336e2,-2.7755575615628914e-17,0.015500091090624587
206,CF4,1e-09,"(0.1,0.3)",host#2a9a8c7d,1.3357370765021415e-17,0.020935282830133652
326,CF4,1e-09,"(0.1,0.3)",host#2ea82f5c,-1.8908485888147198e-17,0.018565684196995516
446,CF4,1e-09,"(0.1,0.3)",host#b1a00ec8,-1.7347234759768072e-19,0.019878006987581187
566,CF4,1e-09,"(0.1,0.3)",host#b9ec88ad,2.035697999058783e-16,0.020866214902302407
686,CF4,1e-09,"(0.1,0.3)",host#e0324c47,-1.1796119636642288e-16,0.046178646266681334
806,CF4,1e-09,"(0.1,0.3)",host#e739d7ed,-1.5976803213746392e-16,0.03335641826288758
926,CF4,1e-09,"(0.1,0.3)",host#ea9ebc36,-1.811918670657775e-16,0.013696540137149046
1046,CF4,1e-09,"(0.1,0.3)",host#fe823726,-7.979727989493313e-17,0.07334269589500671
5,CF4,1e-08,"(0.1,0.15)",host#053336e2,-8.604228440844963e-17,0.074295278717025
125,CF4,1e-08,"(0.1,0.15)",host#2a9a8c7d,1.530026105811544e-16,0.04422455997530569
245,CF4,1e-08,"(0.1,0.15)",host#2ea82f5c,-8.049116928532385e-17,0.09399561009374424
365,CF4,1e-08,"(0.1,0.15)",host#b1a00ec8,7.771561172376095e-17,0.05989933371307741
485,CF4,1e-08,"(0.1,0.15)",host#b9ec88ad,-1.304512053934559e-16,0.2504350448138013
605,CF4,1e-08,"(0.1,0.15)",host#e0324c47,-1.6930901125533636e-16,0.2332371086022485
725,CF4,1e-08,"(0.1,0.15)",host#e739d7ed,1.3877787807814457e-17,0.11455819818984485
845,CF4,1e-08,"(0.1,0.15)",host#ea9ebc36,1.27675647831893e-16,0.10165890207420682
965,CF4,1e-08,"(0.1,0.15)",host#fe823726,7.702172233337023e-17,0.12952809882081026
45,CF4,1e-08,"(0.1,0.2)",host#053336e2,-1.0130785099704553e-16,0.04699304537339042
165,CF4,1e-08,"(0.1,0.2)",host#2a9a8c7d,6.765421556309548e-17,0.031628059727232996
285,CF4,1e-08,"(0.1,0.2)",host#2ea82f5c,-7.147060721024446e-17,0.03277466878749988
405,CF4,1e-08,"(0.1,0.2)",host#b1a00ec8,8.248610128269717e-17,0.028780819690873417
525,CF4,1e-08,"(0.1,0.2)",host#b9ec88ad,9.80118763926896e-18,0.161995911424796
645,CF4,1e-08,"(0.1,0.2)",host#e0324c47,-7.0082828429463e-17,0.08103485758285484
765,CF4,1e-08,"(0.1,0.2)",host#e739d7ed,6.938893903907228e-18,0.15140343534371564
885,CF4,1e-08,"(0.1,0.2)",host#ea9ebc36,1.2091022627558346e-16,0.04706563099425682
1005,CF4,1e-08,"(0.1,0.2)",host#fe823726,3.608224830031759e-17,0.07359631750003018
85,CF4,1e-08,"(0.1,0.3)",host#053336e2,-1.3461454173580022e-16,0.03791782074719941
205,CF4,1e-08,"(0.1,0.3)",host#2a9a8c7d,6.869504964868156e-17,0.07132044296001253
325,CF4,1e-08,"(0.1,0.3)",host#2ea82f5c,-2.3592239273284576e-17,0.02029104252807143
445,CF4,1e-08,"(0.1,0.3)",host#b1a00ec8,1.6653345369377347e-17,0.028177676971619225
565,CF4,1e-08,"(0.1,0.3)",host#b9ec88ad,-6.106226635438361e-17,0.11976751590603765
685,CF4,1e-08,"(0.1,0.3)",host#e0324c47,4.85722573273506e-17,0.10907228591887833
805,CF4,1e-08,"(0.1,0.3)",host#e739d7ed,6.938893903907229e-19,0.10681559126968193
925,CF4,1e-08,"(0.1,0.3)",host#ea9ebc36,-5.117434254131581e-17,0.028298956900709604
1045,CF4,1e-08,"(0.1,0.3)",host#fe823726,1.5265566588595904e-17,0.09174932694147657
4,CF4,1e-07,"(0.1,0.15)",host#053336e2,-1.1102230246251566e-17,0.13578174236903362
124,CF4,1e-07,"(0.1,0.15)",host#2a9a8c7d,-1.0963452368173421e-16,0.09051122533440985
244,CF4,1e-07,"(0.1,0.15)",host#2ea82f5c,-1.2212453270876723e-16,0.20826759597881236
364,CF4,1e-07,"(0.1,0.15)",host#b1a00ec8,-2.0122792321330962e-17,0.11978909192657806
484,CF4,1e-07,"(0.1,0.15)",host#b9ec88ad,-1.582067810090848e-16,0.28062139662336505
604,CF4,1e-07,"(0.1,0.15)",host#e0324c47,2.2204460492503132e-17,0.26843969455279537
724,CF4,1e-07,"(0.1,0.15)",host#e739d7ed,-9.992007221626409e-17,0.2970229480545578
844,CF4,1e-07,"(0.1,0.15)",host#ea9ebc36,1.1657341758564144e-16,0.19980203532132787
964,CF4,1e-07,"(0.1,0.15)",host#fe823726,8.881784197001253e-17,0.2728987799147965
44,CF4,1e-07,"(0.1,0.2)",host#053336e2,7.355227538141662e-17,0.11203159928241029
164,CF4,1e-07,"(0.1,0.2)",host#2a9a8c7d,-5.2735593669694933e-17,0.05995798994082706
284,CF4,1e-07,"(0.1,0.2)",host#2ea82f5c,7.494005416219807e-17,0.1262893911069029
404,CF4,1e-07,"(0.1,0.2)",host#b1a00ec8,1.1102230246251565e-16,0.05911345494753051
524,CF4,1e-07,"(0.1,0.2)",host#b9ec88ad,-1.1657341758564144e-16,0.2821225430055076
644,CF4,1e-07,"(0.1,0.2)",host#e0324c47,-6.661338147750939e-17,0.2776074357535532
764,CF4,1e-07,"(0.1,0.2)",host#e739d7ed,-1.0547118733938987e-16,0.24743711513295308
884,CF4,1e-07,"(0.1,0.2)",host#ea9ebc36,-4.163336342344337e-17,0.12263540798624789
1004,CF4,1e-07,"(0.1,0.2)",host#fe823726,1.9428902930940238e-17,0.21358877132046625
84,CF4,1e-07,"(0.1,0.3)",host#053336e2,-1.1102230246251565e-16,0.08885739212577756
204,CF4,1e-07,"(0.1,0.3)",host#2a9a8c7d,-5.412337245047638e-17,0.08047999847234849
324,CF4,1e-07,"(0.1,0.3)",host#2ea82f5c,-9.020562075079397e-17,0.10921916650705171
444,CF4,1e-07,"(0.1,0.3)",host#b1a00ec8,1.3600232051658169e-16,0.09085032594503391
564,CF4,1e-07,"(0.1,0.3)",host#b9ec88ad,-1.1102230246251566e-17,0.24272956121152528
684,CF4,1e-07,"(0.1,0.3)",host#e0324c47,-1.457167719820518e-17,0.13118366790832803
804,CF4,1e-07,"(0.1,0.3)",host#e739d7ed,-6.661338147750939e-17,0.16120217115228044
924,CF4,1e-07,"(0.1,0.3)",host#ea9ebc36,6.591949208711867e-17,0.12112370144011579
1044,CF4,1e-07,"(0.1,0.3)",host#fe823726,1.249000902703301e-16,0.17786010971102753
3,CF4,1e-06,"(0.1,0.15)",host#053336e2,-3.7470027081099036e-17,0.1726544455513754
123,CF4,1e-06,"(0.1,0.15)",host#2a9a8c7d,-9.43689570931383e-17,0.2551205161598856
243,CF4,1e-06,"(0.1,0.15)",host#2ea82f5c,-4.9960036108132046e-17,0.2644683267650821
363,CF4,1e-06,"(0.1,0.15)",host#b1a00ec8,2.914335439641036e-17,0.16790741132359877
483,CF4,1e-06,"(0.1,0.15)",host#b9ec88ad,1.0963452368173421e-16,0.3105691330663626
603,CF4,1e-06,"(0.1,0.15)",host#e0324c47,7.771561172376095e-17,0.30259528873390074
723,CF4,1e-06,"(0.1,0.15)",host#e739d7ed,5.551115123125783e-18,0.31996002948475866
843,CF4,1e-06,"(0.1,0.15)",host#ea9ebc36,-4.4408920985006264e-17,0.3062331319849051
963,CF4,1e-06,"(0.1,0.15)",host#fe823726,-1.0547118733938987e-16,0.21958902091635038
43,CF4,1e-06,"(0.1,0.2)",host#053336e2,-2.7755575615628915e-18,0.09603395811356698
163,CF4,1e-06,"(0.1,0.2)",host#2a9a8c7d,8.881784197001253e-17,0.19963469993679006
283,CF4,1e-06,"(0.1,0.2)",host#2ea82f5c,-1.5057399771478685e-16,0.26160058266432934
403,CF4,1e-06,"(0.1,0.2)",host#b1a00ec8,5.620504062164855e-17,0.15891755615221678
523,CF4,1e-06,"(0.1,0.2)",host#b9ec88ad,-1.1102230246251566e-17,0.281313630549973
643,CF4,1e-06,"(0.1,0.2)",host#e0324c47,3.8857805861880476e-17,0.26054827034394473
763,CF4,1e-06,"(0.1,0.2)",host#e739d7ed,7.771561172376095e-17,0.27877442652556744
883,CF4,1e-06,"(0.1,0.2)",host#ea9ebc36,-3.608224830031759e-17,0.16831622776535882
1003,CF4,1e-06,"(0.1,0.2)",host#fe823726,1.2212453270876723e-16,0.31371570957950473
83,CF4,1e-06,"(0.1,0.3)",host#053336e2,9.43689570931383e-17,0.11476873634975737
203,CF4,1e-06,"(0.1,0.3)",host#2a9a8c7d,4.926614671774132e-17,0.17780149887807298
323,CF4,1e-06,"(0.1,0.3)",host#2ea82f5c,1.1657341758564144e-16,0.24100820507077914
443,CF4,1e-06,"(0.1,0.3)",host#b1a00ec8,1.2490009027033011e-17,0.13024912738638364
563,CF4,1e-06,"(0.1,0.3)",host#b9ec88ad,-4.163336342344337e-18,0.2709059882366612
683,CF4,1e-06,"(0.1,0.3)",host#e0324c47,5.551115123125783e-17,0.27982800789484963
803,CF4,1e-06,"(0.1,0.3)",host#e739d7ed,-2.2204460492503132e-17,0.2226809882487247
923,CF4,1e-06,"(0.1,0.3)",host#ea9ebc36,1.6653345369377347e-17,0.2593324669762255
1043,CF4,1e-06,"(0.1,0.3)",host#fe823726,3.3306690738754695e-17,0.3063789569616379
2,CF4,1e-05,"(0.1,0.15)",host#053336e2,-1.8735013540549518e-17,0.016190861632474948
122,CF4,1e-05,"(0.1,0.15)",host#2a9a8c7d,1.457167719820518e-17,0.2408039477967016
242,CF4,1e-05,"(0.1,0.15)",host#2ea82f5c,-5.2735593669694933e-17,0.354346961285646
362,CF4,1e-05,"(0.1,0.15)",host#b1a00ec8,-7.077671781985372e-17,0.19170577113967266
482,CF4,1e-05,"(0.1,0.15)",host#b9ec88ad,7.216449660063518e-17,0.33464712648647305
602,CF4,1e-05,"(0.1,0.15)",host#e0324c47,-9.43689570931383e-17,0.3123959982833501
722,CF4,1e-05,"(0.1,0.15)",host#e739d7ed,-1.0547118733938987e-16,0.2969780939902597
842,CF4,1e-05,"(0.1,0.15)",host#ea9ebc36,2.7755575615628914e-17,0.3404567787960016
962,CF4,1e-05,"(0.1,0.15)",host#fe823726,9.992007221626409e-17,0.3455074163643822
42,CF4,1e-05,"(0.1,0.2)",host#053336e2,8.326672684688674e-17,0.1463422633997153
162,CF4,1e-05,"(0.1,0.2)",host#2a9a8c7d,5.2735593669694933e-17,0.17042018094962313
282,CF4,1e-05,"(0.1,0.2)",host#2ea82f5c,-2.0816681711721685e-17,0.29706370093119805
402,CF4,1e-05,"(0.1,0.2)",host#b1a00ec8,-8.777700788442644e-17,0.05447252846938243
522,CF4,1e-05,"(0.1,0.2)",host#b9ec88ad,-2.7755575615628914e-17,0.33699158866201734
642,CF4,1e-05,"(0.1,0.2)",host#e0324c47,1.7763568394002506e-16,0.30071470397885974
762,CF4,1e-05,"(0.1,0.2)",host#e739d7ed,1.942890293094024e-16,0.32815451883199187
882,CF4,1e-05,"(0.1,0.2)",host#ea9ebc36,4.4408920985006264e-17,0.27239209273891424
1002,CF4,1e-05,"(0.1,0.2)",host#fe823726,-1.4432899320127036e-16,0.3311370879206648
82,CF4,1e-05,"(0.1,0.3)",host#053336e2,-1.3877787807814457e-17,0.18515061392554139
202,CF4,1e-05,"(0.1,0.3)",host#2a9a8c7d,-5.551115123125783e-18,0.21217066928377212
322,CF4,1e-05,"(0.1,0.3)",host#2ea82f5c,2.1926904736346843e-16,0.25279942621628576
442,CF4,1e-05,"(0.1,0.3)",host#b1a00ec8,0.0,0.12923376041969992
562,CF4,1e-05,"(0.1,0.3)",host#b9ec88ad,-1.554312234475219e-16,0.3363130576658326
682,CF4,1e-05,"(0.1,0.3)",host#e0324c47,9.992007221626409e-17,0.2947220212974895
802,CF4,1e-05,"(0.1,0.3)",host#e739d7ed,5.551115123125783e-17,0.3360894335429248
922,CF4,1e-05,"(0.1,0.3)",host#ea9ebc36,1.3877787807814457e-17,0.23928794716177298
1042,CF4,1e-05,"(0.1,0.3)",host#fe823726,-1.3600232051658169e-16,0.34685660818744096
0,CF4,0.0001,"(0.1,0.15)",host#053336e2,-5.655198531684391e-17,0.020140273192723646
120,CF4,0.0001,"(0.1,0.15)",host#2a9a8c7d,4.2934406030425976e-17,0.007627318643535383
240,CF4,0.0001,"(0.1,0.15)",host#2ea82f5c,-1.7347234759768072e-19,0.00617160623967652
360,CF4,0.0001,"(0.1,0.15)",host#b1a00ec8,2.2239154962022665e-16,0.021537769260162334
480,CF4,0.0001,"(0.1,0.15)",host#b9ec88ad,1.7347234759768072e-19,0.00417890418608481
600,CF4,0.0001,"(0.1,0.15)",host#e0324c47,4.824699667560495e-17,0.012173025473550331
720,CF4,0.0001,"(0.1,0.15)",host#e739d7ed,6.591949208711867e-17,0.014987552847024813
840,CF4,0.0001,"(0.1,0.15)",host#ea9ebc36,0.0,0.02472647825424429
960,CF4,0.0001,"(0.1,0.15)",host#fe823726,6.617970060851519e-17,0.004455941585332029
40,CF4,0.0001,"(0.1,0.2)",host#053336e2,-4.718447854656915e-17,0.18636634476060718
160,CF4,0.0001,"(0.1,0.2)",host#2a9a8c7d,1.1518563880486e-16,0.021395016144827306
280,CF4,0.0001,"(0.1,0.2)",host#2ea82f5c,6.895525817007808e-17,0.002333648155016354
400,CF4,0.0001,"(0.1,0.2)",host#b1a00ec8,7.771561172376095e-17,0.22565368593777102
520,CF4,0.0001,"(0.1,0.2)",host#b9ec88ad,1.0096090630185018e-16,0.010150280372641199
640,CF4,0.0001,"(0.1,0.2)",host#e0324c47,-6.55725473919233e-17,0.015292018431845819
760,CF4,0.0001,"(0.1,0.2)",host#e739d7ed,-5.013350845572972e-17,0.011138479455953407
880,CF4,0.0001,"(0.1,0.2)",host#ea9ebc36,-1.8041124150158794e-17,0.005979038828495769
1000,CF4,0.0001,"(0.1,0.2)",host#fe823726,5.033950686850197e-17,0.004388042960097776
80,CF4,0.0001,"(0.1,0.3)",host#053336e2,1.4224732503009818e-16,0.08839168407478838
200,CF4,0.0001,"(0.1,0.3)",host#2a9a8c7d,-4.371503159461554e-17,0.010056575731405702
320,CF4,0.0001,"(0.1,0.3)",host#2ea82f5c,4.9960036108132046e-17,0.6213009430629352
440,CF4,0.0001,"(0.1,0.3)",host#b1a00ec8,-9.43689570931383e-17,0.16554310810866735
560,CF4,0.0001,"(0.1,0.3)",host#b9ec88ad,-1.5170156797417179e-16,0.00894467295780114
680,CF4,0.0001,"(0.1,0.3)",host#e0324c47,8.326672684688674e-17,0.6331591396882453
800,CF4,0.0001,"(0.1,0.3)",host#e739d7ed,1.0061396160665481e-16,0.011462248579899588
920,CF4,0.0001,"(0.1,0.3)",host#ea9ebc36,-9.159339953157541e-17,0.5963714088840661
1040,CF4,0.0001,"(0.1,0.3)",host#fe823726,-1.9428902930940238e-17,0.5475754808038884
1,CF4,0.001,"(0.1,0.15)",host#053336e2,3.3306690738754695e-17,0.30809407103009717
121,CF4,0.001,"(0.1,0.15)",host#2a9a8c7d,2.706168622523819e-17,0.025660839937344783
241,CF4,0.001,"(0.1,0.15)",host#2ea82f5c,-3.187554387107383e-17,0.04041220587447285
361,CF4,0.001,"(0.1,0.15)",host#b1a00ec8,-5.2735593669694933e-17,0.06522969800113439
481,CF4,0.001,"(0.1,0.15)",host#b9ec88ad,3.4694469519536144e-19,0.013301726049849026
601,CF4,0.001,"(0.1,0.15)",host#e0324c47,1.9272777818102326e-16,0.018704559571187777
721,CF4,0.001,"(0.1,0.15)",host#e739d7ed,-8.18789480661053e-17,0.02491641196339847
841,CF4,0.001,"(0.1,0.15)",host#ea9ebc36,3.400058012914542e-17,0.016125997627058457
961,CF4,0.001,"(0.1,0.15)",host#fe823726,-8.326672684688674e-17,0.012551921870496169
41,CF4,0.001,"(0.1,0.2)",host#053336e2,-2.5326962749261383e-17,0.02452458413650052
161,CF4,0.001,"(0.1,0.2)",host#2a9a8c7d,1.0547118733938987e-16,0.06434049343284591
281,CF4,0.001,"(0.1,0.2)",host#2ea82f5c,9.246076126956381e-17,0.012126638447765209
401,CF4,0.001,"(0.1,0.2)",host#b1a00ec8,6.800116025829084e-17,0.19220696216708852
521,CF4,0.001,"(0.1,0.2)",host#b9ec88ad,-9.184276603124708e-17,0.008981800746204631
641,CF4,0.001,"(0.1,0.2)",host#e0324c47,0.0,0.01985756022432914
761,CF4,0.001,"(0.1,0.2)",host#e739d7ed,-1.8995222061946036e-17,0.01791003940016922
881,CF4,0.001,"(0.1,0.2)",host#ea9ebc36,-1.986258379993444e-17,0.010432038853625515
1001,CF4,0.001,"(0.1,0.2)",host#fe823726,-1.6427831317500364e-16,0.01046472323808366
81,CF4,0.001,"(0.1,0.3)",host#053336e2,1.27675647831893e-16,0.16520858743490435
201,CF4,0.001,"(0.1,0.3)",host#2a9a8c7d,1.6757428777935956e-16,0.008901834578111356
321,CF4,0.001,"(0.1,0.3)",host#2ea82f5c,5.932754287840681e-17,0.00587927724589513
441,CF4,0.001,"(0.1,0.3)",host#b1a00ec8,5.551115123125783e-18,0.21326497635868902
561,CF4,0.001,"(0.1,0.3)",host#b9ec88ad,-1.3010426069826053e-19,0.007370415296161131
681,CF4,0.001,"(0.1,0.3)",host#e0324c47,-9.575673587391976e-17,0.015381088997023465
801,CF4,0.001,"(0.1,0.3)",host#e739d7ed,-1.375202035580614e-16,0.0025956039743474687
921,CF4,0.001,"(0.1,0.3)",host#ea9ebc36,1.854419395819207e-16,0.006584385746594934
1041,CF4,0.001,"(0.1,0.3)",host#fe823726,3.95516952522712e-17,0.013894804712632046
15,CF43,1e-10,"(0.1,0.15)",host#053336e2,-1.3192572034803617e-16,0.015050467612067332
135,CF43,1e-10,"(0.1,0.15)",host#2a9a8c7d,7.181755190543981e-17,0.019090422498260214
255,CF43,1e-10,"(0.1,0.15)",host#2ea82f5c,2.2447321779139885e-16,0.011283520689750267
375,CF43,1e-10,"(0.1,0.15)",host#b1a00ec8,4.198030811863873e-17,0.012362326651558288
495,CF43,1e-10,"(0.1,0.15)",host#b9ec88ad,6.453171330633723e-17,0.02558244021546112
615,CF43,1e-10,"(0.1,0.15)",host#e0324c47,1.4675760606763787e-16,0.020118277181763903
735,CF43,1e-10,"(0.1,0.15)",host#e739d7ed,-1.6132928326584306e-16,0.017367423378810008
855,CF43,1e-10,"(0.1,0.15)",host#ea9ebc36,-1.7191109646930157e-16,0.00688544356640222
975,CF43,1e-10,"(0.1,0.15)",host#fe823726,1.6237011735142913e-16,0.02343431638467295
55,CF43,1e-10,"(0.1,0.2)",host#053336e2,4.3628295420816696e-17,0.005249203518267639
175,CF43,1e-10,"(0.1,0.2)",host#2a9a8c7d,-8.604228440844963e-17,0.01439923810952053
295,CF43,1e-10,"(0.1,0.2)",host#2ea82f5c,2.8796409701215e-17,0.055219385195423805
415,CF43,1e-10,"(0.1,0.2)",host#b1a00ec8,-3.4694469519536144e-19,0.015139478912138286
535,CF43,1e-10,"(0.1,0.2)",host#b9ec88ad,-2.138893717088669e-17,0.007443937669531893
655,CF43,1e-10,"(0.1,0.2)",host#e0324c47,3.4694469519536144e-19,0.06437301482559331
775,CF43,1e-10,"(0.1,0.2)",host#e739d7ed,4.2587461335230615e-17,0.013042531807432539
895,CF43,1e-10,"(0.1,0.2)",host#ea9ebc36,2.0990154059319365e-17,0.009686121150337984
1015,CF43,1e-10,"(0.1,0.2)",host#fe823726,4.2500725161431774e-17,0.023876993420188765
95,CF43,1e-10,"(0.1,0.3)",host#053336e2,-8.673617379884036e-20,0.01839714726895409
215,CF43,1e-10,"(0.1,0.3)",host#2a9a8c7d,-1.509209424099822e-17,0.025125008091852617
335,CF43,1e-10,"(0.1,0.3)",host#2ea82f5c,1.2264494975156027e-16,0.005774984972013872
455,CF43,1e-10,"(0.1,0.3)",host#b1a00ec8,-6.990935608186532e-17,0.011713944241441721
575,CF43,1e-10,"(0.1,0.3)",host#b9ec88ad,-5.3602955407683337e-17,0.016215210994123812
695,CF43,1e-10,"(0.1,0.3)",host#e0324c47,4.1839361836215614e-17,0.0158546264061227
815,CF43,1e-10,"(0.1,0.3)",host#e739d7ed,1.8275311819415662e-16,0.06094547261312576
935,CF43,1e-10,"(0.1,0.3)",host#ea9ebc36,-2.1380466841414146e-17,0.004859502158575134
1055,CF43,1e-10,"(0.1,0.3)",host#fe823726,-4.3064510291124235e-17,0.009002626474281789
14,CF43,1e-09,"(0.1,0.15)",host#053336e2,-9.089951014118469e-17,0.016814871760124264
134,CF43,1e-09,"(0.1,0.15)",host#2a9a8c7d,7.181755190543981e-17,0.023540803041784897
254,CF43,1e-09,"(0.1,0.15)",host#2ea82f5c,5.0653925498522766e-17,0.03201974865354847
374,CF43,1e-09,"(0.1,0.15)",host#b1a00ec8,-1.8388068845354155e-17,0.021026660317793128
494,CF43,1e-09,"(0.1,0.15)",host#b9ec88ad,2.7755575615628914e-17,0.05619255047095016
614,CF43,1e-09,"(0.1,0.15)",host#e0324c47,1.762479051592436e-16,0.03232905870697966
734,CF43,1e-09,"(0.1,0.15)",host#e739d7ed,1.863093013199091e-16,0.04373178635999685
854,CF43,1e-09,"(0.1,0.15)",host#ea9ebc36,-1.0755285551056204e-16,0.041545782365430946
974,CF43,1e-09,"(0.1,0.15)",host#fe823726,-2.7755575615628914e-17,0.037279182337084486
54,CF43,1e-09,"(0.1,0.2)",host#053336e2,0.0,0.009991160823209602
174,CF43,1e-09,"(0.1,0.2)",host#2a9a8c7d,1.8093165854438098e-16,0.015848275901398767
294,CF43,1e-09,"(0.1,0.2)",host#2ea82f5c,-5.0653925498522766e-17,0.023919943766018574
414,CF43,1e-09,"(0.1,0.2)",host#b1a00ec8,-1.5612511283791264e-16,0.025339817361382962
534,CF43,1e-09,"(0.1,0.2)",host#b9ec88ad,6.800116025829084e-17,0.03188703643373033
654,CF43,1e-09,"(0.1,0.2)",host#e0324c47,1.033895191682177e-16,0.040200303484629094
774,CF43,1e-09,"(0.1,0.2)",host#e739d7ed,-9.71445146547012e-17,0.055554257963477995
894,CF43,1e-09,"(0.1,0.2)",host#ea9ebc36,2.6020852139652105e-19,0.0154294967927313
1014,CF43,1e-09,"(0.1,0.2)",host#fe823726,9.54097911787244e-19,0.03747321380409493
94,CF43,1e-09,"(0.1,0.3)",host#053336e2,-1.2802259252708836e-16,0.00818299375510998
214,CF43,1e-09,"(0.1,0.3)",host#2a9a8c7d,1.0581813203458523e-16,0.03307121279652716
334,CF43,1e-09,"(0.1,0.3)",host#2ea82f5c,-7.573152174811248e-17,0.07617247010837461
454,CF43,1e-09,"(0.1,0.3)",host#b1a00ec8,1.7520707107365752e-16,0.008665682474606666
574,CF43,1e-09,"(0.1,0.3)",host#b9ec88ad,-5.377642775528102e-17,0.04190285267991901
694,CF43,1e-09,"(0.1,0.3)",host#e0324c47,1.1744077932362985e-16,0.030290307784218325
814,CF43,1e-09,"(0.1,0.3)",host#e739d7ed,-1.0581813203458523e-16,0.027114654798284645
934,CF43,1e-09,"(0.1,0.3)",host#ea9ebc36,-1.2073675392798576e-16,0.010858712531395356
1054,CF43,1e-09,"(0.1,0.3)",host#fe823726,1.6028844918025699e-16,0.03079221197388754
13,CF43,1e-08,"(0.1,0.15)",host#053336e2,-4.5796699765787705e-17,0.07738938077784066
133,CF43,1e-08,"(0.1,0.15)",host#2a9a8c7d,-6.696032617270476e-17,0.02928482030488184
253,CF43,1e-08,"(0.1,0.15)",host#2ea82f5c,6.036837696399288e-17,0.10123445536222005
373,CF43,1e-08,"(0.1,0.15)",host#b1a00ec8,-1.124100812432971e-16,0.05495278658206106
493,CF43,1e-08,"(0.1,0.15)",host#b9ec88ad,-7.494005416219807e-17,0.19718630885070967
613,CF43,1e-08,"(0.1,0.15)",host#e0324c47,1.7486012637846215e-16,0.145536051548804
733,CF43,1e-08,"(0.1,0.15)",host#e739d7ed,-1.9290125052862095e-16,0.10503834848867359
853,CF43,1e-08,"(0.1,0.15)",host#ea9ebc36,3.053113317719181e-17,0.08669376452317158
973,CF43,1e-08,"(0.1,0.15)",host#fe823726,1.0547118733938987e-16,0.099236265407193
53,CF43,1e-08,"(0.1,0.2)",host#053336e2,4.5102810375396984e-17,0.0295725897065645
173,CF43,1e-08,"(0.1,0.2)",host#2a9a8c7d,3.469446951953614e-17,0.04314121661048653
293,CF43,1e-08,"(0.1,0.2)",host#2ea82f5c,8.018759267702791e-17,0.037669302436512765
413,CF43,1e-08,"(0.1,0.2)",host#b1a00ec8,3.400058012914542e-17,0.03184773579804464
533,CF43,1e-08,"(0.1,0.2)",host#b9ec88ad,-8.881784197001253e-17,0.13080505028909126
653,CF43,1e-08,"(0.1,0.2)",host#e0324c47,-1.2212453270876723e-16,0.117109356736477
773,CF43,1e-08,"(0.1,0.2)",host#e739d7ed,-1.412064909445121e-16,0.08937745178785284
893,CF43,1e-08,"(0.1,0.2)",host#ea9ebc36,-1.752070710736575e-17,0.04526960648802259
1013,CF43,1e-08,"(0.1,0.2)",host#fe823726,4.5796699765787705e-17,0.1195143958116571
93,CF43,1e-08,"(0.1,0.3)",host#053336e2,2.3592239273284576e-17,0.03336771703456857
213,CF43,1e-08,"(0.1,0.3)",host#2a9a8c7d,3.400058012914542e-17,0.02247615486440937
333,CF43,1e-08,"(0.1,0.3)",host#2ea82f5c,2.040034807748725e-16,0.023563951725871536
453,CF43,1e-08,"(0.1,0.3)",host#b1a00ec8,1.1102230246251566e-17,0.059033899012763326
573,CF43,1e-08,"(0.1,0.3)",host#b9ec88ad,-4.85722573273506e-17,0.07528238084119664
693,CF43,1e-08,"(0.1,0.3)",host#e0324c47,1.1102230246251565e-16,0.084574955170363
813,CF43,1e-08,"(0.1,0.3)",host#e739d7ed,3.3653635433950055e-17,0.07411874491186315
933,CF43,1e-08,"(0.1,0.3)",host#ea9ebc36,5.1000870193718126e-17,0.025804819401401287
1053,CF43,1e-08,"(0.1,0.3)",host#fe823726,-2.0816681711721684e-18,0.08662264696953045
12,CF43,1e-07,"(0.1,0.15)",host#053336e2,3.053113317719181e-17,0.09683002876338936
132,CF43,1e-07,"(0.1,0.15)",host#2a9a8c7d,-6.453171330633723e-17,0.13996720604037471
252,CF43,1e-07,"(0.1,0.15)",host#2ea82f5c,3.2612801348363975e-17,0.20460029529737175
372,CF43,1e-07,"(0.1,0.15)",host#b1a00ec8,7.771561172376095e-17,0.1721879940511653
492,CF43,1e-07,"(0.1,0.15)",host#b9ec88ad,-7.494005416219807e-17,0.30288156622587564
612,CF43,1e-07,"(0.1,0.15)",host#e0324c47,1.9151347174783951e-16,0.21888463216405157
732,CF43,1e-07,"(0.1,0.15)",host#e739d7ed,1.5768636396629177e-16,0.13190729635465484
852,CF43,1e-07,"(0.1,0.15)",host#ea9ebc36,-1.4641066137244253e-16,0.1724568779317209
972,CF43,1e-07,"(0.1,0.15)",host#fe823726,2.914335439641036e-17,0.3170144281155066
52,CF43,1e-07,"(0.1,0.2)",host#053336e2,2.0816681711721684e-18,0.08947896839503688
172,CF43,1e-07,"(0.1,0.2)",host#2a9a8c7d,-1.5959455978986624e-17,0.06441717505507123
292,CF43,1e-07,"(0.1,0.2)",host#2ea82f5c,3.469446951953614e-17,0.15965016377870458
412,CF43,1e-07,"(0.1,0.2)",host#b1a00ec8,3.608224830031759e-17,0.12055146385044435
532,CF43,1e-07,"(0.1,0.2)",host#b9ec88ad,-7.771561172376095e-17,0.2366602539588045
652,CF43,1e-07,"(0.1,0.2)",host#e0324c47,-5.551115123125783e-18,0.1717758207279196
772,CF43,1e-07,"(0.1,0.2)",host#e739d7ed,-6.661338147750939e-17,0.21555448971835234
892,CF43,1e-07,"(0.1,0.2)",host#ea9ebc36,7.216449660063518e-17,0.10514646902971134
1012,CF43,1e-07,"(0.1,0.2)",host#fe823726,-9.43689570931383e-17,0.22118745826399058
92,CF43,1e-07,"(0.1,0.3)",host#053336e2,1.4155343563970745e-16,0.09400526467302077
212,CF43,1e-07,"(0.1,0.3)",host#2a9a8c7d,1.7555401576885288e-16,0.03906549445233689
332,CF43,1e-07,"(0.1,0.3)",host#2ea82f5c,-3.95516952522712e-17,0.060495974670744475
452,CF43,1e-07,"(0.1,0.3)",host#b1a00ec8,5.4817261840867107e-17,0.06532781562226292
572,CF43,1e-07,"(0.1,0.3)",host#b9ec88ad,7.28583859910259e-17,0.14747645889290642
692,CF43,1e-07,"(0.1,0.3)",host#e0324c47,-5.551115123125783e-18,0.18597384705415854
812,CF43,1e-07,"(0.1,0.3)",host#e739d7ed,-2.9282132274488506e-16,0.2271281140755493
932,CF43,1e-07,"(0.1,0.3)",host#ea9ebc36,2.1094237467877973e-16,0.09054552035891292
1052,CF43,1e-07,"(0.1,0.3)",host#fe823726,8.465450562766818e-17,0.20663547608734908
11,CF43,1e-06,"(0.1,0.15)",host#053336e2,4.4408920985006264e-17,0.18146918059953868
131,CF43,1e-06,"(0.1,0.15)",host#2a9a8c7d,1.2522535092207576e-16,0.18240188746941635
251,CF43,1e-06,"(0.1,0.15)",host#2ea82f5c,5.967448757360216e-17,0.17901685039014936
371,CF43,1e-06,"(0.1,0.15)",host#b1a00ec8,-1.6653345369377347e-17,0.16737481546719615
491,CF43,1e-06,"(0.1,0.15)",host#b9ec88ad,-1.6653345369377348e-16,0.2998402715849561
611,CF43,1e-06,"(0.1,0.15)",host#e0324c47,-9.575673587391976e-17,0.31020041515158786
731,CF43,1e-06,"(0.1,0.15)",host#e739d7ed,8.326672684688674e-18,0.29844524235876535
851,CF43,1e-06,"(0.1,0.15)",host#ea9ebc36,-1.1102230246251566e-17,0.24277091036780596
971,CF43,1e-06,"(0.1,0.15)",host#fe823726,5.551115123125783e-18,0.34483352623508357
51,CF43,1e-06,"(0.1,0.2)",host#053336e2,1.9428902930940238e-17,0.0620650092253693
171,CF43,1e-06,"(0.1,0.2)",host#2a9a8c7d,-9.376180387654642e-17,0.2193734171530685
291,CF43,1e-06,"(0.1,0.2)",host#2ea82f5c,-2.1094237467877973e-16,0.2921368766051715
411,CF43,1e-06,"(0.1,0.2)",host#b1a00ec8,3.191891195797325e-17,0.1915726377336291
531,CF43,1e-06,"(0.1,0.2)",host#b9ec88ad,-3.3306690738754695e-17,0.3390773722223748
651,CF43,1e-06,"(0.1,0.2)",host#e0324c47,-9.905271047827569e-17,0.2163674882413283
771,CF43,1e-06,"(0.1,0.2)",host#e739d7ed,7.771561172376095e-17,0.31500333673887465
891,CF43,1e-06,"(0.1,0.2)",host#ea9ebc36,-4.4408920985006264e-17,0.22127098511663076
1011,CF43,1e-06,"(0.1,0.2)",host#fe823726,8.881784197001253e-17,0.3532393764816904
91,CF43,1e-06,"(0.1,0.3)",host#053336e2,1.8457457784393228e-16,0.11184092116939774
211,CF43,1e-06,"(0.1,0.3)",host#2a9a8c7d,1.1726730697603215e-16,0.14343150525696424
331,CF43,1e-06,"(0.1,0.3)",host#2ea82f5c,-6.38378239159465e-17,0.21822811540248074
451,CF43,1e-06,"(0.1,0.3)",host#b1a00ec8,-4.718447854656915e-17,0.144520112561524
571,CF43,1e-06,"(0.1,0.3)",host#b9ec88ad,7.771561172376095e-17,0.30528786541088065
691,CF43,1e-06,"(0.1,0.3)",host#e0324c47,-1.7763568394002506e-16,0.31243696589513653
811,CF43,1e-06,"(0.1,0.3)",host#e739d7ed,-1.7763568394002506e-16,0.3069688469936046
931,CF43,1e-06,"(0.1,0.3)",host#ea9ebc36,-4.163336342344337e-17,0.16254968000763906
1051,CF43,1e-06,"(0.1,0.3)",host#fe823726,-1.6653345369377347e-17,0.08526799129998312
10,CF43,1e-05,"(0.1,0.15)",host#053336e2,6.106226635438361e-17,0.21584139256334461
130,CF43,1e-05,"(0.1,0.15)",host#2a9a8c7d,-1.2351231148954867e-16,0.26591942220462966
250,CF43,1e-05,"(0.1,0.15)",host#2ea82f5c,1.554312234475219e-16,0.20377788255666468
370,CF43,1e-05,"(0.1,0.15)",host#b1a00ec8,-5.551115123125783e-18,0.1467023872277837
490,CF43,1e-05,"(0.1,0.15)",host#b9ec88ad,1.9428902930940238e-17,0.32544502053925217
610,CF43,1e-05,"(0.1,0.15)",host#e0324c47,5.551115123125783e-18,0.18643202481678398
730,CF43,1e-05,"(0.1,0.15)",host#e739d7ed,-1.3877787807814457e-16,0.34379153365130105
850,CF43,1e-05,"(0.1,0.15)",host#ea9ebc36,-1.1657341758564144e-16,0.27069462507680536
970,CF43,1e-05,"(0.1,0.15)",host#fe823726,1.3739009929736313e-16,0.21914595062426143
50,CF43,1e-05,"(0.1,0.2)",host#053336e2,-2.55351295663786e-16,0.1417862850535923
170,CF43,1e-05,"(0.1,0.2)",host#2a9a8c7d,-6.938893903907228e-18,0.26333992875999224
290,CF43,1e-05,"(0.1,0.2)",host#2ea82f5c,-1.0269562977782698e-16,0.31783837933331677
410,CF43,1e-05,"(0.1,0.2)",host#b1a00ec8,-2.2204460492503132e-17,0.1507800262648675
530,CF43,1e-05,"(0.1,0.2)",host#b9ec88ad,4.163336342344337e-17,0.2788711094043654
650,CF43,1e-05,"(0.1,0.2)",host#e0324c47,-9.992007221626409e-17,0.30420696268275726
770,CF43,1e-05,"(0.1,0.2)",host#e739d7ed,-1.6653345369377347e-17,0.3365130373666937
890,CF43,1e-05,"(0.1,0.2)",host#ea9ebc36,3.053113317719181e-17,0.267141126009553
1010,CF43,1e-05,"(0.1,0.2)",host#fe823726,1.0547118733938987e-16,0.31959503191086064
90,CF43,1e-05,"(0.1,0.3)",host#053336e2,-5.2735593669694933e-17,0.18396118013939647
210,CF43,1e-05,"(0.1,0.3)",host#2a9a8c7d,6.522560269672795e-17,0.15675623288686885
330,CF43,1e-05,"(0.1,0.3)",host#2ea82f5c,-1.0824674490095276e-16,0.28364130900708917
450,CF43,1e-05,"(0.1,0.3)",host#b1a00ec8,4.891920202254596e-17,0.04077453125267794
570,CF43,1e-05,"(0.1,0.3)",host#b9ec88ad,1.4432899320127036e-16,0.32251703613850513
690,CF43,1e-05,"(0.1,0.3)",host#e0324c47,-1.1657341758564144e-16,0.3385927400517256
810,CF43,1e-05,"(0.1,0.3)",host#e739d7ed,-1.4224732503009818e-16,0.3201684790993355
930,CF43,1e-05,"(0.1,0.3)",host#ea9ebc36,-8.326672684688674e-18,0.23755604499217325
1050,CF43,1e-05,"(0.1,0.3)",host#fe823726,-3.3306690738754695e-17,0.33600734019715817
8,CF43,0.0001,"(0.1,0.15)",host#053336e2,-2.8449465006019634e-17,0.1425963782489047
128,CF43,0.0001,"(0.1,0.15)",host#2a9a8c7d,6.661338147750939e-17,1.0619158572149552
248,CF43,0.0001,"(0.1,0.15)",host#2ea82f5c,-5.62917767954474e-17,0.008246581366326727
368,CF43,0.0001,"(0.1,0.15)",host#b1a00ec8,1.3877787807814457e-16,0.14249222363350864
488,CF43,0.0001,"(0.1,0.15)",host#b9ec88ad,-8.777700788442644e-17,0.005268030745754151
608,CF43,0.0001,"(0.1,0.15)",host#e0324c47,-8.638922910364499e-17,0.019160835283918046
728,CF43,0.0001,"(0.1,0.15)",host#e739d7ed,1.4432899320127036e-16,0.19441689189870695
848,CF43,0.0001,"(0.1,0.15)",host#ea9ebc36,-2.3245294578089216e-17,0.006533138120396671
968,CF43,0.0001,"(0.1,0.15)",host#fe823726,-1.32012456521835e-16,0.004869866371862033
48,CF43,0.0001,"(0.1,0.2)",host#053336e2,-1.0408340855860843e-17,0.13636656975268874
168,CF43,0.0001,"(0.1,0.2)",host#2a9a8c7d,-1.7208456881689927e-16,0.6997437575789195
288,CF43,0.0001,"(0.1,0.2)",host#2ea82f5c,8.049116928532385e-17,0.7066861537676791
408,CF43,0.0001,"(0.1,0.2)",host#b1a00ec8,1.0408340855860843e-16,0.023762176746818235
528,CF43,0.0001,"(0.1,0.2)",host#b9ec88ad,2.1371793224034264e-16,0.6904760659505691
648,CF43,0.0001,"(0.1,0.2)",host#e0324c47,-7.077671781985372e-17,0.11789026320556108
768,CF43,0.0001,"(0.1,0.2)",host#e739d7ed,4.445228907190568e-17,0.003188287710822551
888,CF43,0.0001,"(0.1,0.2)",host#ea9ebc36,1.5390249838431735e-16,0.0026879095451365297
1008,CF43,0.0001,"(0.1,0.2)",host#fe823726,6.704706234650359e-17,0.0023722106839734122
88,CF43,0.0001,"(0.1,0.3)",host#053336e2,-1.8318679906315082e-16,0.167368445491549
208,CF43,0.0001,"(0.1,0.3)",host#2a9a8c7d,3.053113317719181e-17,0.45624124304154623
328,CF43,0.0001,"(0.1,0.3)",host#2ea82f5c,8.049116928532385e-17,0.00412475245736853
448,CF43,0.0001,"(0.1,0.3)",host#b1a00ec8,1.0269562977782698e-16,0.09097064345694124
568,CF43,0.0001,"(0.1,0.3)",host#b9ec88ad,-1.7069679003611783e-16,0.10098167602743935
688,CF43,0.0001,"(0.1,0.3)",host#e0324c47,-2.067790383364354e-16,0.15301459032048614
808,CF43,0.0001,"(0.1,0.3)",host#e739d7ed,7.632783294297951e-17,0.4208098483722621
928,CF43,0.0001,"(0.1,0.3)",host#ea9ebc36,1.3877787807814457e-17,0.10488402682008428
1048,CF43,0.0001,"(0.1,0.3)",host#fe823726,-1.1102230246251566e-17,0.4267504070442468
9,CF43,0.001,"(0.1,0.15)",host#053336e2,-6.245004513516506e-17,0.02998475571697156
129,CF43,0.001,"(0.1,0.15)",host#2a9a8c7d,1.7970108907860994e-16,0.019377339753162727
249,CF43,0.001,"(0.1,0.15)",host#2ea82f5c,8.222589276130065e-17,0.01410893221371567
369,CF43,0.001,"(0.1,0.15)",host#b1a00ec8,6.800116025829084e-17,0.16060094258864926
489,CF43,0.001,"(0.1,0.15)",host#b9ec88ad,1.886945460993772e-16,0.01012856756289473
609,CF43,0.001,"(0.1,0.15)",host#e0324c47,1.3851766955674804e-16,0.013307149358694979
729,CF43,0.001,"(0.1,0.15)",host#e739d7ed,1.27675647831893e-16,0.023739018665534906
849,CF43,0.001,"(0.1,0.15)",host#ea9ebc36,-1.214306433183765e-17,0.01253584103410501
969,CF43,0.001,"(0.1,0.15)",host#fe823726,4.336808689942018e-19,0.007311177226398466
49,CF43,0.001,"(0.1,0.2)",host#053336e2,-1.0269562977782698e-16,0.03698006871152659
169,CF43,0.001,"(0.1,0.2)",host#2a9a8c7d,4.310787837802366e-17,0.006997927674238794
289,CF43,0.001,"(0.1,0.2)",host#2ea82f5c,1.663599813461758e-16,0.01896521136905635
409,CF43,0.001,"(0.1,0.2)",host#b1a00ec8,2.914335439641036e-17,0.16804354695020005
529,CF43,0.001,"(0.1,0.2)",host#b9ec88ad,1.1397133237167623e-16,0.015103237516531797
649,CF43,0.001,"(0.1,0.2)",host#e0324c47,-9.8879238130678e-17,0.01868882379915193
769,CF43,0.001,"(0.1,0.2)",host#e739d7ed,-3.833738881908744e-17,0.010147416447654866
889,CF43,0.001,"(0.1,0.2)",host#ea9ebc36,-4.0072112295064246e-17,0.009968125216657296
1009,CF43,0.001,"(0.1,0.2)",host#fe823726,5.0653925498522766e-17,0.008210916657089062
89,CF43,0.001,"(0.1,0.3)",host#053336e2,0.0,0.012816184585065279
209,CF43,0.001,"(0.1,0.3)",host#2a9a8c7d,7.771561172376095e-17,0.02864819503092273
329,CF43,0.001,"(0.1,0.3)",host#2ea82f5c,-8.135853102331225e-17,0.011923408413281105
449,CF43,0.001,"(0.1,0.3)",host#b1a00ec8,-8.118505867571457e-17,0.12898987131999642
569,CF43,0.001,"(0.1,0.3)",host#b9ec88ad,1.7171594007825419e-16,0.007517797836109062
689,CF43,0.001,"(0.1,0.3)",host#e0324c47,-7.797582024515748e-17,0.019852083033836225
809,CF43,0.001,"(0.1,0.3)",host#e739d7ed,-1.1908876662580782e-16,0.005092782784929191
929,CF43,0.001,"(0.1,0.3)",host#ea9ebc36,-1.113258790708116e-16,0.012420070726209367
1049,CF43,0.001,"(0.1,0.3)",host#fe823726,6.565928356572215e-17,0.009209489012819075
23,M2,1e-10,"(0.1,0.15)",host#053336e2,-5.447031714567174e-17,0.021240707048798244
143,M2,1e-10,"(0.1,0.15)",host#2a9a8c7d,0.0,0.014058671378481137
263,M2,1e-10,"(0.1,0.15)",host#2ea82f5c,3.0661237437890067e-17,0.007754173293744143
383,M2,1e-10,"(0.1,0.15)",host#b1a00ec8,-8.396061623727746e-17,0.017591952779169577
503,M2,1e-10,"(0.1,0.15)",host#b9ec88ad,3.278627369596165e-17,0.056484793302478
623,M2,1e-10,"(0.1,0.15)",host#e0324c47,-1.2935616119924552e-16,0.020545115522134366
743,M2,1e-10,"(0.1,0.15)",host#e739d7ed,4.85722573273506e-17,0.029025218057367453
863,M2,1e-10,"(0.1,0.15)",host#ea9ebc36,-1.4623718902484483e-16,0.013216194992756742
983,M2,1e-10,"(0.1,0.15)",host#fe823726,3.2959746043559335e-17,0.02652716479059658
63,M2,1e-10,"(0.1,0.2)",host#053336e2,-1.1058862159352145e-16,0.0038919445468316508
183,M2,1e-10,"(0.1,0.2)",host#2a9a8c7d,1.0408340855860843e-17,0.02556077245959868
303,M2,1e-10,"(0.1,0.2)",host#2ea82f5c,-7.806255641895632e-19,0.012328911786433874
423,M2,1e-10,"(0.1,0.2)",host#b1a00ec8,1.691355389077387e-16,0.015736612698606173
543,M2,1e-10,"(0.1,0.2)",host#b9ec88ad,1.5126788710517758e-16,0.028078541862784547
663,M2,1e-10,"(0.1,0.2)",host#e0324c47,7.91033905045424e-17,0.029921569327095637
783,M2,1e-10,"(0.1,0.2)",host#e739d7ed,1.5785983631388944e-17,0.025356299217218478
903,M2,1e-10,"(0.1,0.2)",host#ea9ebc36,-1.1368943980682999e-16,0.008675434568943992
1023,M2,1e-10,"(0.1,0.2)",host#fe823726,-4.85722573273506e-17,0.0190772942183624
103,M2,1e-10,"(0.1,0.3)",host#053336e2,-8.81239525796218e-17,0.004540940300181133
223,M2,1e-10,"(0.1,0.3)",host#2a9a8c7d,-9.853229343548264e-17,0.014199409147663997
343,M2,1e-10,"(0.1,0.3)",host#2ea82f5c,1.6839828143044855e-16,0.022245523779535113
463,M2,1e-10,"(0.1,0.3)",host#b1a00ec8,1.7062089588404384e-16,0.006325923890437939
583,M2,1e-10,"(0.1,0.3)",host#b9ec88ad,-8.118505867571457e-17,0.016985040960921072
703,M2,1e-10,"(0.1,0.3)",host#e0324c47,1.700029006457271e-17,0.04439303619448021
823,M2,1e-10,"(0.1,0.3)",host#e739d7ed,8.049116928532385e-17,0.023527258112998273
943,M2,1e-10,"(0.1,0.3)",host#ea9ebc36,-1.5265566588595904e-17,0.03772663443394046
1063,M2,1e-10,"(0.1,0.3)",host#fe823726,9.6710833785707e-17,0.014640438668347048
22,M2,1e-09,"(0.1,0.15)",host#053336e2,-1.9255430583342559e-16,0.027239874277139357
142,M2,1e-09,"(0.1,0.15)",host#2a9a8c7d,-1.222980050563649e-16,0.02487208082039268
262,M2,1e-09,"(0.1,0.15)",host#2ea82f5c,5.551115123125783e-17,0.04815204047913585
382,M2,1e-09,"(0.1,0.15)",host#b1a00ec8,1.7208456881689927e-16,0.02820754034806328
502,M2,1e-09,"(0.1,0.15)",host#b9ec88ad,-1.4826464708739273e-17,0.14833902139514163
622,M2,1e-09,"(0.1,0.15)",host#e0324c47,1.9428902930940238e-17,0.03301624564025016
742,M2,1e-09,"(0.1,0.15)",host#e739d7ed,9.71445146547012e-17,0.1477133859757434
862,M2,1e-09,"(0.1,0.15)",host#ea9ebc36,-3.920475055707584e-17,0.039786130198128836
982,M2,1e-09,"(0.1,0.15)",host#fe823726,-3.538835890992686e-17,0.1234345721902946
62,M2,1e-09,"(0.1,0.2)",host#053336e2,-5.603156827405086e-17,0.021725440506515644
182,M2,1e-09,"(0.1,0.2)",host#2a9a8c7d,-5.447031714567174e-17,0.020485302525726865
302,M2,1e-09,"(0.1,0.2)",host#2ea82f5c,7.476658181460039e-17,0.028509222453433784
422,M2,1e-09,"(0.1,0.2)",host#b1a00ec8,1.7433970933566911e-16,0.023003097677222178
542,M2,1e-09,"(0.1,0.2)",host#b9ec88ad,2.0816681711721685e-17,0.09134872287262451
662,M2,1e-09,"(0.1,0.2)",host#e0324c47,-7.355227538141662e-17,0.04885173399011672
782,M2,1e-09,"(0.1,0.2)",host#e739d7ed,1.134509153288832e-16,0.06067981092205156
902,M2,1e-09,"(0.1,0.2)",host#ea9ebc36,6.088879400678593e-17,0.02205190673691901
1022,M2,1e-09,"(0.1,0.2)",host#fe823726,9.645062526431048e-17,0.052059896454278956
102,M2,1e-09,"(0.1,0.3)",host#053336e2,-2.355754480376504e-16,0.015419307223982189
222,M2,1e-09,"(0.1,0.3)",host#2a9a8c7d,4.122136659789888e-17,0.01974559918901987
342,M2,1e-09,"(0.1,0.3)",host#2ea82f5c,-1.1483869410966463e-16,0.021895317772406254
462,M2,1e-09,"(0.1,0.3)",host#b1a00ec8,8.014422459012849e-17,0.01816057922904688
582,M2,1e-09,"(0.1,0.3)",host#b9ec88ad,-6.210310043996969e-17,0.044577523718391764
702,M2,1e-09,"(0.1,0.3)",host#e0324c47,-5.863365348801607e-17,0.057810542941111286
822,M2,1e-09,"(0.1,0.3)",host#e739d7ed,-2.4173371637736806e-16,0.053656533609099784
942,M2,1e-09,"(0.1,0.3)",host#ea9ebc36,-2.0088097851811426e-16,0.010318481743990348
1062,M2,1e-09,"(0.1,0.3)",host#fe823726,-1.3877787807814457e-16,0.05717157197984643
21,M2,1e-08,"(0.1,0.15)",host#053336e2,-1.3877787807814457e-16,0.10472005482552087
141,M2,1e-08,"(0.1,0.15)",host#2a9a8c7d,-8.656270145124267e-17,0.05956199399405863
261,M2,1e-08,"(0.1,0.15)",host#2ea82f5c,2.0816681711721685e-17,0.11822205189078487
381,M2,1e-08,"(0.1,0.15)",host#b1a00ec8,1.457167719820518e-17,0.08008016918605629
501,M2,1e-08,"(0.1,0.15)",host#b9ec88ad,-2.42861286636753e-17,0.10907506372071223
621,M2,1e-08,"(0.1,0.15)",host#e0324c47,1.0824674490095276e-16,0.2902226511108727
741,M2,1e-08,"(0.1,0.15)",host#e739d7ed,4.9960036108132046e-17,0.2052069526836037
861,M2,1e-08,"(0.1,0.15)",host#ea9ebc36,8.326672684688674e-17,0.08308304886186278
981,M2,1e-08,"(0.1,0.15)",host#fe823726,4.4408920985006264e-17,0.2539299141350901
61,M2,1e-08,"(0.1,0.2)",host#053336e2,4.718447854656915e-17,0.07605015207487231
181,M2,1e-08,"(0.1,0.2)",host#2a9a8c7d,-6.748074321549779e-17,0.031138030159251838
301,M2,1e-08,"(0.1,0.2)",host#2ea82f5c,-7.684824998577255e-17,0.0922434114456036
421,M2,1e-08,"(0.1,0.2)",host#b1a00ec8,4.4408920985006264e-17,0.11589143261159972
541,M2,1e-08,"(0.1,0.2)",host#b9ec88ad,-1.1293049828609013e-16,0.1249439259900962
661,M2,1e-08,"(0.1,0.2)",host#e0324c47,-1.1102230246251566e-17,0.21416526956219897
781,M2,1e-08,"(0.1,0.2)",host#e739d7ed,7.0082828429463e-17,0.08271560553180857
901,M2,1e-08,"(0.1,0.2)",host#ea9ebc36,1.6653345369377347e-17,0.08068115985630603
1021,M2,1e-08,"(0.1,0.2)",host#fe823726,1.4988010832439614e-16,0.2023040352365061
101,M2,1e-08,"(0.1,0.3)",host#053336e2,-1.457167719820518e-17,0.06587577103880689
221,M2,1e-08,"(0.1,0.3)",host#2a9a8c7d,-3.400058012914542e-17,0.03465633244963934
341,M2,1e-08,"(0.1,0.3)",host#2ea82f5c,1.0269562977782698e-16,0.10012902834323739
461,M2,1e-08,"(0.1,0.3)",host#b1a00ec8,3.382710778154774e-17,0.03511715172563498
581,M2,1e-08,"(0.1,0.3)",host#b9ec88ad,2.7755575615628915e-18,0.11462815691553527
701,M2,1e-08,"(0.1,0.3)",host#e0324c47,-1.4155343563970745e-16,0.13126623013384742
821,M2,1e-08,"(0.1,0.3)",host#e739d7ed,-1.6653345369377347e-17,0.13750787018542948
941,M2,1e-08,"(0.1,0.3)",host#ea9ebc36,5.4643789493269423e-17,0.048769136097144235
1061,M2,1e-08,"(0.1,0.3)",host#fe823726,5.412337245047638e-17,0.10397420422786546
20,M2,1e-07,"(0.1,0.15)",host#053336e2,2.1926904736346843e-16,0.18235404929384702
140,M2,1e-07,"(0.1,0.15)",host#2a9a8c7d,-2.7755575615628914e-17,0.1902206651987256
260,M2,1e-07,"(0.1,0.15)",host#2ea82f5c,-6.661338147750939e-17,0.25027159357321244
380,M2,1e-07,"(0.1,0.15)",host#b1a00ec8,-1.6514567491299204e-16,0.1499845508434751
500,M2,1e-07,"(0.1,0.15)",host#b9ec88ad,2.4980018054066023e-17,0.25125490474863493
620,M2,1e-07,"(0.1,0.15)",host#e0324c47,-3.8857805861880476e-17,0.32018125651807305
740,M2,1e-07,"(0.1,0.15)",host#e739d7ed,-9.853229343548264e-17,0.20807872001678338
860,M2,1e-07,"(0.1,0.15)",host#ea9ebc36,4.302114220422482e-17,0.24054660029618197
980,M2,1e-07,"(0.1,0.15)",host#fe823726,-1.609823385706477e-16,0.2685567499885411
60,M2,1e-07,"(0.1,0.2)",host#053336e2,-1.1874182193061245e-16,0.11037516007587006
180,M2,1e-07,"(0.1,0.2)",host#2a9a8c7d,-5.412337245047638e-17,0.07521875842438122
300,M2,1e-07,"(0.1,0.2)",host#2ea82f5c,-1.4988010832439614e-16,0.19162308228828068
420,M2,1e-07,"(0.1,0.2)",host#b1a00ec8,4.4408920985006264e-17,0.17963872546287246
540,M2,1e-07,"(0.1,0.2)",host#b9ec88ad,1.1102230246251565e-16,0.26832459192959834
660,M2,1e-07,"(0.1,0.2)",host#e0324c47,1.1657341758564144e-16,0.2415300503871557
780,M2,1e-07,"(0.1,0.2)",host#e739d7ed,4.9960036108132046e-17,0.26668293877674865
900,M2,1e-07,"(0.1,0.2)",host#ea9ebc36,-3.3306690738754695e-17,0.207978174022196
1020,M2,1e-07,"(0.1,0.2)",host#fe823726,-2.7755575615628915e-18,0.2746825647081111
100,M2,1e-07,"(0.1,0.3)",host#053336e2,-1.582067810090848e-16,0.10688971802555809
220,M2,1e-07,"(0.1,0.3)",host#2a9a8c7d,1.0061396160665481e-17,0.08854761374231242
340,M2,1e-07,"(0.1,0.3)",host#2ea82f5c,-2.7755575615628915e-18,0.16727535855490158
460,M2,1e-07,"(0.1,0.3)",host#b1a00ec8,-1.3739009929736313e-16,0.11536862055457839
580,M2,1e-07,"(0.1,0.3)",host#b9ec88ad,3.8857805861880476e-17,0.256245594872492
700,M2,1e-07,"(0.1,0.3)",host#e0324c47,5.828670879282072e-17,0.30516666260282777
820,M2,1e-07,"(0.1,0.3)",host#e739d7ed,5.828670879282072e-17,0.2035353198093317
940,M2,1e-07,"(0.1,0.3)",host#ea9ebc36,4.4408920985006264e-17,0.10976530431839589
1060,M2,1e-07,"(0.1,0.3)",host#fe823726,8.881784197001253e-17,0.22580555324106716
19,M2,1e-06,"(0.1,0.15)",host#053336e2,-2.7755575615628914e-17,0.18790742473980437
139,M2,1e-06,"(0.1,0.15)",host#2a9a8c7d,1.554312234475219e-16,0.2535473168124719
259,M2,1e-06,"(0.1,0.15)",host#2ea82f5c,6.38378239159465e-17,0.3464563635617092
379,M2,1e-06,"(0.1,0.15)",host#b1a00ec8,1.3183898417423733e-17,0.12071307539187606
499,M2,1e-06,"(0.1,0.15)",host#b9ec88ad,1.6653345369377347e-17,0.3377629027093902
619,M2,1e-06,"(0.1,0.15)",host#e0324c47,0.0,0.3124247327217573
739,M2,1e-06,"(0.1,0.15)",host#e739d7ed,-8.049116928532385e-17,0.3074821243247397
859,M2,1e-06,"(0.1,0.15)",host#ea9ebc36,-5.2735593669694933e-17,0.21873674522964476
979,M2,1e-06,"(0.1,0.15)",host#fe823726,8.326672684688674e-17,0.2684978715228949
59,M2,1e-06,"(0.1,0.2)",host#053336e2,1.1102230246251565e-16,0.19390358798559112
179,M2,1e-06,"(0.1,0.2)",host#2a9a8c7d,1.124100812432971e-16,0.18730618390580095
299,M2,1e-06,"(0.1,0.2)",host#2ea82f5c,-3.0357660829594124e-17,0.29951416586590834
419,M2,1e-06,"(0.1,0.2)",host#b1a00ec8,-1.457167719820518e-17,0.12268167728595478
539,M2,1e-06,"(0.1,0.2)",host#b9ec88ad,2.7755575615628915e-18,0.3048761502164084
659,M2,1e-06,"(0.1,0.2)",host#e0324c47,-1.1379786002407854e-16,0.3309651357159273
779,M2,1e-06,"(0.1,0.2)",host#e739d7ed,-8.881784197001253e-17,0.28464537540923335
899,M2,1e-06,"(0.1,0.2)",host#ea9ebc36,7.494005416219807e-17,0.3013321759745054
1019,M2,1e-06,"(0.1,0.2)",host#fe823726,-4.4408920985006264e-17,0.29639442906727076
99,M2,1e-06,"(0.1,0.3)",host#053336e2,-3.053113317719181e-17,0.10535862422184447
219,M2,1e-06,"(0.1,0.3)",host#2a9a8c7d,4.9960036108132046e-17,0.20594276223262942
339,M2,1e-06,"(0.1,0.3)",host#2ea82f5c,-3.8857805861880476e-17,0.35198357095201493
459,M2,1e-06,"(0.1,0.3)",host#b1a00ec8,-9.124645483638006e-17,0.11611199007611835
579,M2,1e-06,"(0.1,0.3)",host#b9ec88ad,6.661338147750939e-17,0.3339742278681464
699,M2,1e-06,"(0.1,0.3)",host#e0324c47,1.3322676295501878e-16,0.2761537232041859
819,M2,1e-06,"(0.1,0.3)",host#e739d7ed,9.992007221626409e-17,0.3120159114594579
939,M2,1e-06,"(0.1,0.3)",host#ea9ebc36,-7.494005416219807e-17,0.21942322601434547
1059,M2,1e-06,"(0.1,0.3)",host#fe823726,-3.608224830031759e-17,0.2709371353335978
18,M2,1e-05,"(0.1,0.15)",host#053336e2,7.216449660063518e-17,0.06597250497175652
138,M2,1e-05,"(0.1,0.15)",host#2a9a8c7d,0.0,0.4629710800633941
258,M2,1e-05,"(0.1,0.15)",host#2ea82f5c,8.881784197001253e-17,0.5869473417245407
378,M2,1e-05,"(0.1,0.15)",host#b1a00ec8,-3.694961003830599e-17,0.010623061288196536
498,M2,1e-05,"(0.1,0.15)",host#b9ec88ad,7.355227538141662e-17,0.5062708943912078
618,M2,1e-05,"(0.1,0.15)",host#e0324c47,-3.8857805861880476e-17,0.07444580416958121
738,M2,1e-05,"(0.1,0.15)",host#e739d7ed,-2.706168622523819e-17,0.009475465420899696
858,M2,1e-05,"(0.1,0.15)",host#ea9ebc36,-2.2204460492503132e-17,0.5153085193496948
978,M2,1e-05,"(0.1,0.15)",host#fe823726,-2.688821387764051e-17,0.02586800585851461
58,M2,1e-05,"(0.1,0.2)",host#053336e2,3.7470027081099036e-17,0.13471493733254827
178,M2,1e-05,"(0.1,0.2)",host#2a9a8c7d,4.4408920985006264e-17,0.3067793024590657
298,M2,1e-05,"(0.1,0.2)",host#2ea82f5c,6.661338147750939e-17,0.3298745351167051
418,M2,1e-05,"(0.1,0.2)",host#b1a00ec8,-1.3600232051658169e-16,0.15712933638421078
538,M2,1e-05,"(0.1,0.2)",host#b9ec88ad,-8.326672684688674e-18,0.2710546441039588
658,M2,1e-05,"(0.1,0.2)",host#e0324c47,-8.881784197001253e-17,0.34158075233612817
778,M2,1e-05,"(0.1,0.2)",host#e739d7ed,1.1657341758564144e-16,0.3303903577155114
898,M2,1e-05,"(0.1,0.2)",host#ea9ebc36,-5.551115123125783e-17,0.27975093435561876
1018,M2,1e-05,"(0.1,0.2)",host#fe823726,8.673617379884036e-20,0.00507787484732419
98,M2,1e-05,"(0.1,0.3)",host#053336e2,-3.3306690738754695e-17,0.1003439967100855
218,M2,1e-05,"(0.1,0.3)",host#2a9a8c7d,1.0547118733938987e-16,0.22803446362732419
338,M2,1e-05,"(0.1,0.3)",host#2ea82f5c,-1.4155343563970745e-16,0.2732170254690933
458,M2,1e-05,"(0.1,0.3)",host#b1a00ec8,-3.4694469519536144e-19,0.013862113871371774
578,M2,1e-05,"(0.1,0.3)",host#b9ec88ad,1.1102230246251565e-16,0.30315788726874343
698,M2,1e-05,"(0.1,0.3)",host#e0324c47,7.771561172376095e-17,0.330259799105692
818,M2,1e-05,"(0.1,0.3)",host#e739d7ed,2.4980018054066023e-17,0.2534959934763952
938,M2,1e-05,"(0.1,0.3)",host#ea9ebc36,-7.771561172376095e-17,0.32304588016641933
1058,M2,1e-05,"(0.1,0.3)",host#fe823726,-1.1102230246251566e-17,0.3267054038523194
16,M2,0.0001,"(0.1,0.15)",host#053336e2,-1.4294121442048891e-16,0.15871708887594463
136,M2,0.0001,"(0.1,0.15)",host#2a9a8c7d,-5.512083844916304e-17,0.008646959293710817
256,M2,0.0001,"(0.1,0.15)",host#2ea82f5c,-8.135853102331225e-17,0.007763540007836403
376,M2,0.0001,"(0.1,0.15)",host#b1a00ec8,-1.0200174038743625e-16,0.16510124638544335
496,M2,0.0001,"(0.1,0.15)",host#b9ec88ad,1.1267028976469363e-16,0.0046306304870148765
616,M2,0.0001,"(0.1,0.15)",host#e0324c47,-4.7704895589362195e-17,0.017201432789696828
736,M2,0.0001,"(0.1,0.15)",host#e739d7ed,-3.191891195797325e-17,0.012869278878863475
856,M2,0.0001,"(0.1,0.15)",host#ea9ebc36,-1.0166563771396576e-16,0.004955712502399735
976,M2,0.0001,"(0.1,0.15)",host#fe823726,4.83554168928535e-17,0.007225688703444045
56,M2,0.0001,"(0.1,0.2)",host#053336e2,8.465450562766818e-17,0.1690444035454882
176,M2,0.0001,"(0.1,0.2)",host#2a9a8c7d,0.0,0.005439011126275067
296,M2,0.0001,"(0.1,0.2)",host#2ea82f5c,-1.6722734308416421e-16,0.022226030645244452
416,M2,0.0001,"(0.1,0.2)",host#b1a00ec8,4.4408920985006264e-17,0.24447797830759263
536,M2,0.0001,"(0.1,0.2)",host#b9ec88ad,-1.6523241108679088e-17,0.0031684112153492236
656,M2,0.0001,"(0.1,0.2)",host#e0324c47,-1.0408340855860842e-18,0.017684559844258346
776,M2,0.0001,"(0.1,0.2)",host#e739d7ed,-4.891920202254596e-17,0.0139895980559212
896,M2,0.0001,"(0.1,0.2)",host#ea9ebc36,-3.46077333457373e-17,0.0058712607008215715
1016,M2,0.0001,"(0.1,0.2)",host#fe823726,6.613633252161577e-17,0.003701039574929762
96,M2,0.0001,"(0.1,0.3)",host#053336e2,-7.494005416219807e-17,0.05225172863525336
216,M2,0.0001,"(0.1,0.3)",host#2a9a8c7d,-4.4408920985006264e-17,0.9316651838464168
336,M2,0.0001,"(0.1,0.3)",host#2ea82f5c,1.6653345369377347e-17,0.0866238059613255
456,M2,0.0001,"(0.1,0.3)",host#b1a00ec8,-4.53630188967935e-17,0.013208071109244884
576,M2,0.0001,"(0.1,0.3)",host#b9ec88ad,6.696032617270476e-17,0.006215400822507187
696,M2,0.0001,"(0.1,0.3)",host#e0324c47,4.852888924045118e-17,0.010605560467271445
816,M2,0.0001,"(0.1,0.3)",host#e739d7ed,6.678685382510707e-17,0.01006921624049559
936,M2,0.0001,"(0.1,0.3)",host#ea9ebc36,-8.909973453485875e-17,0.0033709753095349597
1056,M2,0.0001,"(0.1,0.3)",host#fe823726,-1.1674688993323911e-16,0.00547470100564498
17,M2,0.001,"(0.1,0.15)",host#053336e2,-2.4424906541753446e-16,0.22249816236170622
137,M2,0.001,"(0.1,0.15)",host#2a9a8c7d,1.3357370765021415e-16,0.033242733264079165
257,M2,0.001,"(0.1,0.15)",host#2ea82f5c,2.671474153004283e-17,0.022325543761048405
377,M2,0.001,"(0.1,0.15)",host#b1a00ec8,6.83481049534862e-17,0.052613783517607295
497,M2,0.001,"(0.1,0.15)",host#b9ec88ad,-2.706168622523819e-17,0.02105200244876052
617,M2,0.001,"(0.1,0.15)",host#e0324c47,-5.355958732078392e-17,0.020042981906856897
737,M2,0.001,"(0.1,0.15)",host#e739d7ed,-2.7408630920433553e-17,0.03148022916961524
857,M2,0.001,"(0.1,0.15)",host#ea9ebc36,1.3877787807814457e-17,0.02225380903376205
977,M2,0.001,"(0.1,0.15)",host#fe823726,-1.0668549377257364e-16,0.030084226292857955
57,M2,0.001,"(0.1,0.2)",host#053336e2,8.18789480661053e-17,0.19207773023959962
177,M2,0.001,"(0.1,0.2)",host#2a9a8c7d,1.457167719820518e-16,0.054889691467313026
297,M2,0.001,"(0.1,0.2)",host#2ea82f5c,1.1275702593849246e-16,0.04311164542887613
417,M2,0.001,"(0.1,0.2)",host#b1a00ec8,1.457167719820518e-16,0.1273315933859413
537,M2,0.001,"(0.1,0.2)",host#b9ec88ad,1.3287981825982341e-16,0.015233391105663139
657,M2,0.001,"(0.1,0.2)",host#e0324c47,-2.114627917215728e-16,0.018476578880071995
777,M2,0.001,"(0.1,0.2)",host#e739d7ed,4.9613091412936685e-17,0.022689872173069024
897,M2,0.001,"(0.1,0.2)",host#ea9ebc36,-1.016547956922409e-16,0.011831564223459656
1017,M2,0.001,"(0.1,0.2)",host#fe823726,1.313185671314443e-16,0.013888704767815025
97,M2,0.001,"(0.1,0.3)",host#053336e2,-1.3530843112619095e-16,0.15943063128046644
217,M2,0.001,"(0.1,0.3)",host#2a9a8c7d,4.562322741819003e-17,0.018465620632123328
337,M2,0.001,"(0.1,0.3)",host#2ea82f5c,-7.355227538141662e-17,0.010150396702371643
457,M2,0.001,"(0.1,0.3)",host#b1a00ec8,1.3183898417423733e-17,0.09075693503367427
577,M2,0.001,"(0.1,0.3)",host#b9ec88ad,-9.211381657436846e-17,0.009589434072124734
697,M2,0.001,"(0.1,0.3)",host#e0324c47,1.8127860323957633e-17,0.01584501506732087
817,M2,0.001,"(0.1,0.3)",host#e739d7ed,1.0963452368173421e-16,0.017102695953786145
937,M2,0.001,"(0.1,0.3)",host#ea9ebc36,1.726049858596923e-16,0.012245456377654527
1057,M2,0.001,"(0.1,0.3)",host#fe823726,-1.0928757898653885e-16,0.023056247693071748
31,M4,1e-10,"(0.1,0.15)",host#053336e2,-5.3960742124603554e-17,0.011024589311595417
151,M4,1e-10,"(0.1,0.15)",host#2a9a8c7d,5.377642775528102e-17,0.05798449131084457
271,M4,1e-10,"(0.1,0.15)",host#2ea82f5c,-2.4806545706468343e-17,0.018217612037716293
391,M4,1e-10,"(0.1,0.15)",host#b1a00ec8,-5.1000870193718126e-17,0.018452763143237464
511,M4,1e-10,"(0.1,0.15)",host#b9ec88ad,-1.1934897514720432e-16,0.0312284188283994
631,M4,1e-10,"(0.1,0.15)",host#e0324c47,1.3392065234540951e-16,0.038902155519332314
751,M4,1e-10,"(0.1,0.15)",host#e739d7ed,5.551115123125783e-17,0.03252713830344439
871,M4,1e-10,"(0.1,0.15)",host#ea9ebc36,-1.0512424264419451e-16,0.011695323618202025
991,M4,1e-10,"(0.1,0.15)",host#fe823726,-1.4779844015322397e-16,0.02945808289985883
71,M4,1e-10,"(0.1,0.2)",host#053336e2,2.1579960041151481e-16,0.004812720283947739
191,M4,1e-10,"(0.1,0.2)",host#2a9a8c7d,8.795048023202412e-17,0.033987509793311256
311,M4,1e-10,"(0.1,0.2)",host#2ea82f5c,3.7470027081099036e-17,0.02062685574783101
431,M4,1e-10,"(0.1,0.2)",host#b1a00ec8,-1.0321604682062002e-16,0.013692557923795107
551,M4,1e-10,"(0.1,0.2)",host#b9ec88ad,6.661338147750939e-17,0.05451881538202158
671,M4,1e-10,"(0.1,0.2)",host#e0324c47,-9.159339953157541e-17,0.01619751016340945
791,M4,1e-10,"(0.1,0.2)",host#e739d7ed,2.4563684419831587e-16,0.03159823780727651
911,M4,1e-10,"(0.1,0.2)",host#ea9ebc36,3.9898639947466563e-17,0.014746621925150624
1031,M4,1e-10,"(0.1,0.2)",host#fe823726,9.22005527481673e-17,0.017600274549022348
111,M4,1e-10,"(0.1,0.3)",host#053336e2,1.9725974326201269e-16,0.005173734050478902
231,M4,1e-10,"(0.1,0.3)",host#2a9a8c7d,1.734723475976807e-17,0.012539113120789135
351,M4,1e-10,"(0.1,0.3)",host#2ea82f5c,-7.502679033599691e-17,0.008815590355717143
471,M4,1e-10,"(0.1,0.3)",host#b1a00ec8,-1.2143064331837649e-18,0.02095430890418564
591,M4,1e-10,"(0.1,0.3)",host#b9ec88ad,1.3617579286417935e-17,0.02145752400197389
711,M4,1e-10,"(0.1,0.3)",host#e0324c47,-8.18789480661053e-17,0.06940796316962157
831,M4,1e-10,"(0.1,0.3)",host#e739d7ed,3.903127820947816e-17,0.016028276165371214
951,M4,1e-10,"(0.1,0.3)",host#ea9ebc36,-5.2909066017292616e-17,0.0053509083898764225
1071,M4,1e-10,"(0.1,0.3)",host#fe823726,6.591949208711867e-17,0.014173491986667376
30,M4,1e-09,"(0.1,0.15)",host#053336e2,-7.91033905045424e-17,0.013389475343362918
150,M4,1e-09,"(0.1,0.15)",host#2a9a8c7d,1.637578961322106e-16,0.041162042754822235
270,M4,1e-09,"(0.1,0.15)",host#2ea82f5c,5.204170427930421e-19,0.04058671964132991
390,M4,1e-09,"(0.1,0.15)",host#b1a00ec8,-3.0791341698588326e-17,0.036579688587896744
510,M4,1e-09,"(0.1,0.15)",host#b9ec88ad,-7.771561172376095e-17,0.09494359343560693
630,M4,1e-09,"(0.1,0.15)",host#e0324c47,-8.118505867571457e-17,0.07223300300189907
750,M4,1e-09,"(0.1,0.15)",host#e739d7ed,-1.3877787807814458e-18,0.08486247763543588
870,M4,1e-09,"(0.1,0.15)",host#ea9ebc36,-1.6653345369377347e-17,0.02159416021290122
990,M4,1e-09,"(0.1,0.15)",host#fe823726,-1.6237011735142913e-16,0.06508361249618227
70,M4,1e-09,"(0.1,0.2)",host#053336e2,5.655198531684391e-17,0.016635781517135306
190,M4,1e-09,"(0.1,0.2)",host#2a9a8c7d,2.0122792321330962e-17,0.04215894098427811
310,M4,1e-09,"(0.1,0.2)",host#2ea82f5c,-6.938893903907229e-19,0.03285261316441364
430,M4,1e-09,"(0.1,0.2)",host#b1a00ec8,2.1510571102112408e-16,0.030291212861385926
550,M4,1e-09,"(0.1,0.2)",host#b9ec88ad,1.304512053934559e-16,0.05674852294583116
670,M4,1e-09,"(0.1,0.2)",host#e0324c47,-9.645062526431048e-17,0.049795038373137354
790,M4,1e-09,"(0.1,0.2)",host#e739d7ed,-6.245004513516506e-17,0.06718105012335832
910,M4,1e-09,"(0.1,0.2)",host#ea9ebc36,-3.3306690738754695e-17,0.021081865258675
1030,M4,1e-09,"(0.1,0.2)",host#fe823726,-7.91033905045424e-17,0.037318078389944345
110,M4,1e-09,"(0.1,0.3)",host#053336e2,-2.250803710079907e-16,0.008137014533692075
230,M4,1e-09,"(0.1,0.3)",host#2a9a8c7d,4.458239333260394e-17,0.015834339830115743
350,M4,1e-09,"(0.1,0.3)",host#2ea82f5c,-6.314393452555578e-17,0.01620333777849222
470,M4,1e-09,"(0.1,0.3)",host#b1a00ec8,6.453171330633723e-17,0.028779839032202183
590,M4,1e-09,"(0.1,0.3)",host#b9ec88ad,-3.157196726277789e-17,0.052550922245463996
710,M4,1e-09,"(0.1,0.3)",host#e0324c47,1.5785983631388945e-16,0.03004953146097931
830,M4,1e-09,"(0.1,0.3)",host#e739d7ed,-3.213575239247035e-17,0.04163790906725407
950,M4,1e-09,"(0.1,0.3)",host#ea9ebc36,1.6436504934880247e-17,0.01758147385407692
1070,M4,1e-09,"(0.1,0.3)",host#fe823726,6.609296443471635e-17,0.04930275336855384
29,M4,1e-08,"(0.1,0.15)",host#053336e2,4.163336342344337e-17,0.05846269337850856
149,M4,1e-08,"(0.1,0.15)",host#2a9a8c7d,-1.3877787807814457e-17,0.06074488955693861
269,M4,1e-08,"(0.1,0.15)",host#2ea82f5c,6.522560269672795e-17,0.1159353071730049
389,M4,1e-08,"(0.1,0.15)",host#b1a00ec8,-1.491862189340054e-16,0.0838738482396806
509,M4,1e-08,"(0.1,0.15)",host#b9ec88ad,-5.551115123125783e-17,0.11101107772617175
629,M4,1e-08,"(0.1,0.15)",host#e0324c47,-2.7755575615628914e-17,0.2281240773694198
749,M4,1e-08,"(0.1,0.15)",host#e739d7ed,1.6653345369377347e-17,0.20398016122771928
869,M4,1e-08,"(0.1,0.15)",host#ea9ebc36,8.743006318923108e-17,0.09513034457439172
989,M4,1e-08,"(0.1,0.15)",host#fe823726,-5.828670879282072e-17,0.24838313350165925
69,M4,1e-08,"(0.1,0.2)",host#053336e2,5.585809592645319e-17,0.05113430138144366
189,M4,1e-08,"(0.1,0.2)",host#2a9a8c7d,-9.367506770274758e-17,0.023984197896676458
309,M4,1e-08,"(0.1,0.2)",host#2ea82f5c,-1.3392065234540951e-16,0.08353287847904714
429,M4,1e-08,"(0.1,0.2)",host#b1a00ec8,1.5590827240341554e-16,0.04683557819229386
549,M4,1e-08,"(0.1,0.2)",host#b9ec88ad,-4.0245584642661923e-17,0.17985402435445214
669,M4,1e-08,"(0.1,0.2)",host#e0324c47,5.551115123125783e-17,0.22074862035574414
789,M4,1e-08,"(0.1,0.2)",host#e739d7ed,-9.159339953157541e-17,0.18861450735299268
909,M4,1e-08,"(0.1,0.2)",host#ea9ebc36,3.8857805861880476e-17,0.07168646818823535
1029,M4,1e-08,"(0.1,0.2)",host#fe823726,-1.1102230246251566e-17,0.14873880126851263
109,M4,1e-08,"(0.1,0.3)",host#053336e2,-1.5265566588595902e-16,0.04222869689967749
229,M4,1e-08,"(0.1,0.3)",host#2a9a8c7d,6.89986262569775e-17,0.04023907934006487
349,M4,1e-08,"(0.1,0.3)",host#2ea82f5c,-1.9428902930940238e-17,0.06455454160060796
469,M4,1e-08,"(0.1,0.3)",host#b1a00ec8,4.0245584642661923e-17,0.0448720207846139
589,M4,1e-08,"(0.1,0.3)",host#b9ec88ad,-9.71445146547012e-17,0.09957073635465591
709,M4,1e-08,"(0.1,0.3)",host#e0324c47,1.554312234475219e-16,0.17912988251185813
829,M4,1e-08,"(0.1,0.3)",host#e739d7ed,1.0408340855860843e-16,0.11813398517739092
949,M4,1e-08,"(0.1,0.3)",host#ea9ebc36,8.23126289350995e-17,0.04735083726060691
1069,M4,1e-08,"(0.1,0.3)",host#fe823726,-2.220446049250313e-16,0.07806868338631534
28,M4,1e-07,"(0.1,0.15)",host#053336e2,-3.053113317719181e-17,0.1482231341898546
148,M4,1e-07,"(0.1,0.15)",host#2a9a8c7d,-4.9960036108132046e-17,0.1182369816549536
268,M4,1e-07,"(0.1,0.15)",host#2ea82f5c,1.554312234475219e-16,0.2953603383625133
388,M4,1e-07,"(0.1,0.15)",host#b1a00ec8,5.828670879282072e-17,0.12327304224487265
508,M4,1e-07,"(0.1,0.15)",host#b9ec88ad,8.500145032286355e-18,0.2955399591078708
628,M4,1e-07,"(0.1,0.15)",host#e0324c47,-4.4408920985006264e-17,0.1289555426832507
748,M4,1e-07,"(0.1,0.15)",host#e739d7ed,-1.3877787807814457e-17,0.2903983453878673
868,M4,1e-07,"(0.1,0.15)",host#ea9ebc36,-2.2204460492503132e-17,0.2614602840613418
988,M4,1e-07,"(0.1,0.15)",host#fe823726,-1.554312234475219e-16,0.25676621985057957
68,M4,1e-07,"(0.1,0.2)",host#053336e2,7.216449660063518e-17,0.13538976767374203
188,M4,1e-07,"(0.1,0.2)",host#2a9a8c7d,-8.465450562766818e-17,0.08080957835725688
308,M4,1e-07,"(0.1,0.2)",host#2ea82f5c,-5.967448757360216e-17,0.14698402989872886
428,M4,1e-07,"(0.1,0.2)",host#b1a00ec8,3.191891195797325e-17,0.14300334160887263
548,M4,1e-07,"(0.1,0.2)",host#b9ec88ad,3.053113317719181e-17,0.21670095483817833
668,M4,1e-07,"(0.1,0.2)",host#e0324c47,-5.2735593669694933e-17,0.15492305456584057
788,M4,1e-07,"(0.1,0.2)",host#e739d7ed,5.551115123125783e-18,0.24627245660501157
908,M4,1e-07,"(0.1,0.2)",host#ea9ebc36,9.43689570931383e-17,0.15175481906578567
1028,M4,1e-07,"(0.1,0.2)",host#fe823726,-4.163336342344337e-17,0.25624345433998075
108,M4,1e-07,"(0.1,0.3)",host#053336e2,5.117434254131581e-17,0.13203539312601162
228,M4,1e-07,"(0.1,0.3)",host#2a9a8c7d,3.144186300207963e-17,0.09533779729767228
348,M4,1e-07,"(0.1,0.3)",host#2ea82f5c,3.8857805861880476e-17,0.11050672544884584
468,M4,1e-07,"(0.1,0.3)",host#b1a00ec8,-5.551115123125783e-17,0.12343247170513756
588,M4,1e-07,"(0.1,0.3)",host#b9ec88ad,1.3877787807814457e-17,0.16610910994705044
708,M4,1e-07,"(0.1,0.3)",host#e0324c47,-3.3306690738754695e-17,0.3052083416389199
828,M4,1e-07,"(0.1,0.3)",host#e739d7ed,-4.163336342344337e-17,0.27836773680354565
948,M4,1e-07,"(0.1,0.3)",host#ea9ebc36,-1.4502288259166106e-16,0.14453574040191744
1068,M4,1e-07,"(0.1,0.3)",host#fe823726,-8.881784197001253e-17,0.2370396853426862
27,M4,1e-06,"(0.1,0.15)",host#053336e2,9.645062526431048e-17,0.07782743047506693
147,M4,1e-06,"(0.1,0.15)",host#2a9a8c7d,9.992007221626409e-17,0.17966521058939305
267,M4,1e-06,"(0.1,0.15)",host#2ea82f5c,-1.6653345369377347e-17,0.32267108340476
387,M4,1e-06,"(0.1,0.15)",host#b1a00ec8,5.551115123125783e-18,0.15730393550990376
507,M4,1e-06,"(0.1,0.15)",host#b9ec88ad,-1.27675647831893e-16,0.2670780675659225
627,M4,1e-06,"(0.1,0.15)",host#e0324c47,-9.71445146547012e-17,0.3392682640181888
747,M4,1e-06,"(0.1,0.15)",host#e739d7ed,-2.7755575615628914e-17,0.32517765319530517
867,M4,1e-06,"(0.1,0.15)",host#ea9ebc36,1.1102230246251566e-17,0.27650761892758513
987,M4,1e-06,"(0.1,0.15)",host#fe823726,-7.771561172376095e-17,0.34138307895263303
67,M4,1e-06,"(0.1,0.2)",host#053336e2,-2.2204460492503132e-17,0.21229962597819466
187,M4,1e-06,"(0.1,0.2)",host#2a9a8c7d,-1.1102230246251566e-17,0.16912866639232446
307,M4,1e-06,"(0.1,0.2)",host#2ea82f5c,1.0547118733938987e-16,0.2868087093745987
427,M4,1e-06,"(0.1,0.2)",host#b1a00ec8,-7.355227538141662e-17,0.18961636734769266
547,M4,1e-06,"(0.1,0.2)",host#b9ec88ad,-1.1102230246251565e-16,0.33769531393129015
667,M4,1e-06,"(0.1,0.2)",host#e0324c47,8.326672684688674e-17,0.3140167446411849
787,M4,1e-06,"(0.1,0.2)",host#e739d7ed,-2.4980018054066023e-17,0.32064109821671777
907,M4,1e-06,"(0.1,0.2)",host#ea9ebc36,-1.554312234475219e-16,0.26794802188483907
1027,M4,1e-06,"(0.1,0.2)",host#fe823726,-7.771561172376095e-17,0.3101139554085891
107,M4,1e-06,"(0.1,0.3)",host#053336e2,9.71445146547012e-17,0.17280229929656588
227,M4,1e-06,"(0.1,0.3)",host#2a9a8c7d,-3.053113317719181e-17,0.2517926132521491
347,M4,1e-06,"(0.1,0.3)",host#2ea82f5c,6.38378239159465e-17,0.2774562041907228
467,M4,1e-06,"(0.1,0.3)",host#b1a00ec8,2.4841240175987876e-16,0.12002327569685227
587,M4,1e-06,"(0.1,0.3)",host#b9ec88ad,-1.1102230246251566e-17,0.3012833740302114
707,M4,1e-06,"(0.1,0.3)",host#e0324c47,4.4408920985006264e-17,0.2841620848768591
827,M4,1e-06,"(0.1,0.3)",host#e739d7ed,-8.604228440844963e-17,0.2729687004964022
947,M4,1e-06,"(0.1,0.3)",host#ea9ebc36,-5.412337245047638e-17,0.28420930357412333
1067,M4,1e-06,"(0.1,0.3)",host#fe823726,8.326672684688674e-17,0.3217966420542819
26,M4,1e-05,"(0.1,0.15)",host#053336e2,-1.0547118733938987e-16,0.20695891345373177
146,M4,1e-05,"(0.1,0.15)",host#2a9a8c7d,-5.551115123125783e-18,0.5047803567057825
266,M4,1e-05,"(0.1,0.15)",host#2ea82f5c,7.890823411349501e-17,0.0025577441460851416
386,M4,1e-05,"(0.1,0.15)",host#b1a00ec8,-1.4085954624931674e-16,0.1456658351880439
506,M4,1e-05,"(0.1,0.15)",host#b9ec88ad,8.18789480661053e-17,0.4167653814882235
626,M4,1e-05,"(0.1,0.15)",host#e0324c47,-1.637578961322106e-16,0.4162559726852327
746,M4,1e-05,"(0.1,0.15)",host#e739d7ed,-1.6653345369377347e-17,0.5047348088244185
866,M4,1e-05,"(0.1,0.15)",host#ea9ebc36,-1.1752751549742869e-17,0.006473312811328681
986,M4,1e-05,"(0.1,0.15)",host#fe823726,-3.3219954564955853e-17,0.0035311440457077275
66,M4,1e-05,"(0.1,0.2)",host#053336e2,7.491837011874836e-17,0.010939672235271133
186,M4,1e-05,"(0.1,0.2)",host#2a9a8c7d,2.4980018054066023e-17,0.2816072484148396
306,M4,1e-05,"(0.1,0.2)",host#2ea82f5c,2.0261570199409106e-16,0.28562792172122353
426,M4,1e-05,"(0.1,0.2)",host#b1a00ec8,6.036837696399288e-17,0.0700735598015642
546,M4,1e-05,"(0.1,0.2)",host#b9ec88ad,4.9960036108132046e-17,0.2682731809489158
666,M4,1e-05,"(0.1,0.2)",host#e0324c47,1.2212453270876723e-16,0.2879825057160648
786,M4,1e-05,"(0.1,0.2)",host#e739d7ed,3.8857805861880476e-17,0.2835470765482744
906,M4,1e-05,"(0.1,0.2)",host#ea9ebc36,-5.551115123125783e-18,0.2899719215746563
1026,M4,1e-05,"(0.1,0.2)",host#fe823726,2.7755575615628914e-17,0.26530295055558484
106,M4,1e-05,"(0.1,0.3)",host#053336e2,-8.604228440844963e-17,0.13394291683083673
226,M4,1e-05,"(0.1,0.3)",host#2a9a8c7d,1.609823385706477e-16,0.24077237910455143
346,M4,1e-05,"(0.1,0.3)",host#2ea82f5c,-9.71445146547012e-17,0.2764436166039217
466,M4,1e-05,"(0.1,0.3)",host#b1a00ec8,-4.5102810375396984e-17,0.10056689714443898
586,M4,1e-05,"(0.1,0.3)",host#b9ec88ad,9.43689570931383e-17,0.2902089586293787
706,M4,1e-05,"(0.1,0.3)",host#e0324c47,-7.771561172376095e-17,0.21755995815234647
826,M4,1e-05,"(0.1,0.3)",host#e739d7ed,-6.106226635438361e-17,0.33294042438203075
946,M4,1e-05,"(0.1,0.3)",host#ea9ebc36,5.551115123125783e-17,0.30986279101147535
1066,M4,1e-05,"(0.1,0.3)",host#fe823726,6.106226635438361e-17,0.2855458931788658
24,M4,0.0001,"(0.1,0.15)",host#053336e2,1.0547118733938987e-16,0.020620516023036918
144,M4,0.0001,"(0.1,0.15)",host#2a9a8c7d,1.3392065234540951e-16,0.022666163569073482
264,M4,0.0001,"(0.1,0.15)",host#2ea82f5c,-7.667477763817488e-17,0.03578280112151446
384,M4,0.0001,"(0.1,0.15)",host#b1a00ec8,7.0082828429463e-17,0.030803664105827536
504,M4,0.0001,"(0.1,0.15)",host#b9ec88ad,7.840950111415169e-17,0.010638412448002515
624,M4,0.0001,"(0.1,0.15)",host#e0324c47,-1.7347234759768072e-19,0.012522054815571473
744,M4,0.0001,"(0.1,0.15)",host#e739d7ed,-1.5707921074969988e-16,0.01791247445359533
864,M4,0.0001,"(0.1,0.15)",host#ea9ebc36,-8.352693536828326e-17,0.005078970603889414
984,M4,0.0001,"(0.1,0.15)",host#fe823726,3.929148673087468e-17,0.009819354235474644
64,M4,0.0001,"(0.1,0.2)",host#053336e2,3.3306690738754695e-17,0.1844562733657876
184,M4,0.0001,"(0.1,0.2)",host#2a9a8c7d,3.434752482434078e-17,0.009384831408842987
304,M4,0.0001,"(0.1,0.2)",host#2ea82f5c,4.128641872824801e-17,0.0024546838449889174
424,M4,0.0001,"(0.1,0.2)",host#b1a00ec8,1.797173521111972e-16,0.040821650525451635
544,M4,0.0001,"(0.1,0.2)",host#b9ec88ad,6.661338147750939e-17,0.052378100464068295
664,M4,0.0001,"(0.1,0.2)",host#e0324c47,1.5838025335668248e-16,0.01492786970577305
784,M4,0.0001,"(0.1,0.2)",host#e739d7ed,7.754213937616328e-17,0.0310006246050881
904,M4,0.0001,"(0.1,0.2)",host#ea9ebc36,1.1657341758564144e-16,0.2967107125566189
1024,M4,0.0001,"(0.1,0.2)",host#fe823726,6.574601973952099e-17,0.03688409164076995
104,M4,0.0001,"(0.1,0.3)",host#053336e2,-2.2898349882893852e-17,0.12875269342841955
224,M4,0.0001,"(0.1,0.3)",host#2a9a8c7d,-5.551115123125783e-17,0.8902100317598373
344,M4,0.0001,"(0.1,0.3)",host#2ea82f5c,-1.3921155894713878e-17,0.0074470982415809185
464,M4,0.0001,"(0.1,0.3)",host#b1a00ec8,1.734723475976807e-17,0.1185718938209291
584,M4,0.0001,"(0.1,0.3)",host#b9ec88ad,5.444863310222203e-17,0.0037484832624614974
704,M4,0.0001,"(0.1,0.3)",host#e0324c47,-1.7763568394002506e-16,0.86139877444182
824,M4,0.0001,"(0.1,0.3)",host#e739d7ed,-8.127111722315561e-17,0.011749842138666545
944,M4,0.0001,"(0.1,0.3)",host#ea9ebc36,-5.776629175002767e-17,0.003951872239453346
1064,M4,0.0001,"(0.1,0.3)",host#fe823726,1.3574211199518516e-17,0.003356196577138661
25,M4,0.001,"(0.1,0.15)",host#053336e2,-6.661338147750939e-17,0.2772219074143324
145,M4,0.001,"(0.1,0.15)",host#2a9a8c7d,5.551115123125783e-17,0.03287979713314695
265,M4,0.001,"(0.1,0.15)",host#2ea82f5c,-1.3600232051658169e-16,0.03160675615907794
385,M4,0.001,"(0.1,0.15)",host#b1a00ec8,-7.077671781985372e-17,0.14314031150589002
505,M4,0.001,"(0.1,0.15)",host#b9ec88ad,-1.0373646386341306e-16,0.016439928961127996
625,M4,0.001,"(0.1,0.15)",host#e0324c47,-3.469446951953614e-17,0.018314361661961414
745,M4,0.001,"(0.1,0.15)",host#e739d7ed,-8.257283745649602e-17,0.023674669181149386
865,M4,0.001,"(0.1,0.15)",host#ea9ebc36,7.979727989493313e-17,0.03277552228524085
985,M4,0.001,"(0.1,0.15)",host#fe823726,6.696032617270476e-17,0.02925989691157565
65,M4,0.001,"(0.1,0.2)",host#053336e2,8.656270145124267e-17,0.05360626507739245
185,M4,0.001,"(0.1,0.2)",host#2a9a8c7d,0.0,0.019285346147276367
305,M4,0.001,"(0.1,0.2)",host#2ea82f5c,9.367506770274758e-17,0.024781473959017183
425,M4,0.001,"(0.1,0.2)",host#b1a00ec8,5.2735593669694933e-17,0.15746574112202322
545,M4,0.001,"(0.1,0.2)",host#b9ec88ad,5.3949900102878703e-17,0.012221222937952704
665,M4,0.001,"(0.1,0.2)",host#e0324c47,-3.937822290467352e-17,0.057714745111209574
785,M4,0.001,"(0.1,0.2)",host#e739d7ed,1.3877787807814457e-17,0.02076903143199884
905,M4,0.001,"(0.1,0.2)",host#ea9ebc36,4.163336342344337e-17,0.022051058381629966
1025,M4,0.001,"(0.1,0.2)",host#fe823726,-3.9898639947466563e-17,0.02052887961806266
105,M4,0.001,"(0.1,0.3)",host#053336e2,1.3999218451132834e-16,0.02161929246171671
225,M4,0.001,"(0.1,0.3)",host#2a9a8c7d,-2.5500435096859063e-17,0.010308233976214899
345,M4,0.001,"(0.1,0.3)",host#2ea82f5c,7.550383929189053e-17,0.011737236546936375
465,M4,0.001,"(0.1,0.3)",host#b1a00ec8,-3.606056425686788e-17,0.12485537877414746
585,M4,0.001,"(0.1,0.3)",host#b9ec88ad,7.441963711940502e-17,0.007104716688060085
705,M4,0.001,"(0.1,0.3)",host#e0324c47,4.2825985813177425e-17,0.015575699568592418
825,M4,0.001,"(0.1,0.3)",host#e739d7ed,7.494005416219807e-17,0.018812769537604607
945,M4,0.001,"(0.1,0.3)",host#ea9ebc36,3.096481404618601e-17,0.008887971368864817
1065,M4,0.001,"(0.1,0.3)",host#fe823726,-8.959846753420208e-17,0.005952288771038586
39,M6,1e-10,"(0.1,0.15)",host#053336e2,-2.1822821327788233e-16,0.006893526643175049
159,M6,1e-10,"(0.1,0.15)",host#2a9a8c7d,1.5994150448506162e-16,0.03137138995647761
279,M6,1e-10,"(0.1,0.15)",host#2ea82f5c,9.679756995950583e-17,0.022991258525184563
399,M6,1e-10,"(0.1,0.15)",host#b1a00ec8,5.238864897449957e-17,0.013435282229807548
519,M6,1e-10,"(0.1,0.15)",host#b9ec88ad,8.18789480661053e-17,0.02439472010321959
639,M6,1e-10,"(0.1,0.15)",host#e0324c47,-9.783840404509192e-17,0.027959131685993826
759,M6,1e-10,"(0.1,0.15)",host#e739d7ed,-1.0200174038743625e-16,0.03931600006827486
879,M6,1e-10,"(0.1,0.15)",host#ea9ebc36,-6.036837696399288e-17,0.007837524692250974
999,M6,1e-10,"(0.1,0.15)",host#fe823726,2.0816681711721685e-17,0.030496187071248695
79,M6,1e-10,"(0.1,0.2)",host#053336e2,1.3270634591222574e-16,0.047699529536094826
199,M6,1e-10,"(0.1,0.2)",host#2a9a8c7d,1.0755285551056204e-16,0.04856636410361512
319,M6,1e-10,"(0.1,0.2)",host#2ea82f5c,9.705777848090236e-17,0.016638198858668615
439,M6,1e-10,"(0.1,0.2)",host#b1a00ec8,1.304512053934559e-16,0.01796566367851579
559,M6,1e-10,"(0.1,0.2)",host#b9ec88ad,-3.087807787238717e-17,0.031152172046773608
679,M6,1e-10,"(0.1,0.2)",host#e0324c47,2.0469737016526325e-17,0.01707156192500423
799,M6,1e-10,"(0.1,0.2)",host#e739d7ed,1.6063539387545233e-16,0.015808151294048164
919,M6,1e-10,"(0.1,0.2)",host#ea9ebc36,-1.9949319973733282e-17,0.014751091040615501
1039,M6,1e-10,"(0.1,0.2)",host#fe823726,1.5864046187807901e-16,0.018780533259183326
119,M6,1e-10,"(0.1,0.3)",host#053336e2,-2.790736391977688e-17,0.014088180722070852
239,M6,1e-10,"(0.1,0.3)",host#2a9a8c7d,7.077671781985372e-17,0.0593851257554618
359,M6,1e-10,"(0.1,0.3)",host#2ea82f5c,-1.9485281443909486e-16,0.009947699551546983
479,M6,1e-10,"(0.1,0.3)",host#b1a00ec8,0.0,0.04940183989838713
599,M6,1e-10,"(0.1,0.3)",host#b9ec88ad,-2.0122792321330962e-17,0.01713433959666554
719,M6,1e-10,"(0.1,0.3)",host#e0324c47,1.377370439925585e-16,0.02204641426080804
839,M6,1e-10,"(0.1,0.3)",host#e739d7ed,-3.191891195797325e-17,0.04792641286120266
959,M6,1e-10,"(0.1,0.3)",host#ea9ebc36,9.853229343548264e-17,0.026877032022370805
1079,M6,1e-10,"(0.1,0.3)",host#fe823726,4.0245584642661923e-17,0.058127525477336024
38,M6,1e-09,"(0.1,0.15)",host#053336e2,6.730727086790011e-17,0.03280405931551665
158,M6,1e-09,"(0.1,0.15)",host#2a9a8c7d,-1.769417945496343e-17,0.024000679081493257
278,M6,1e-09,"(0.1,0.15)",host#2ea82f5c,-7.137845002558319e-17,0.020246845764448594
398,M6,1e-09,"(0.1,0.15)",host#b1a00ec8,-9.857566152238207e-17,0.028655243227115372
518,M6,1e-09,"(0.1,0.15)",host#b9ec88ad,-1.2663481374630691e-17,0.04962284946714764
638,M6,1e-09,"(0.1,0.15)",host#e0324c47,-1.134509153288832e-16,0.07651553506522443
758,M6,1e-09,"(0.1,0.15)",host#e739d7ed,8.651933336434325e-17,0.05440762089374885
878,M6,1e-09,"(0.1,0.15)",host#ea9ebc36,-7.28583859910259e-17,0.025672183153176483
998,M6,1e-09,"(0.1,0.15)",host#fe823726,-1.124100812432971e-16,0.06345259780004951
78,M6,1e-09,"(0.1,0.2)",host#053336e2,-1.6653345369377347e-17,0.01675268445106715
198,M6,1e-09,"(0.1,0.2)",host#2a9a8c7d,1.5265566588595904e-17,0.060679359551285346
318,M6,1e-09,"(0.1,0.2)",host#2ea82f5c,-1.7347234759768072e-19,0.017063831550082564
438,M6,1e-09,"(0.1,0.2)",host#b1a00ec8,-1.2993078835066286e-16,0.01866214211040776
558,M6,1e-09,"(0.1,0.2)",host#b9ec88ad,3.7470027081099036e-17,0.06282426456390562
678,M6,1e-09,"(0.1,0.2)",host#e0324c47,4.85722573273506e-17,0.03820960060084369
798,M6,1e-09,"(0.1,0.2)",host#e739d7ed,-6.245004513516506e-17,0.024610305507410283
918,M6,1e-09,"(0.1,0.2)",host#ea9ebc36,-1.0044048925905713e-16,0.017203567298928017
1038,M6,1e-09,"(0.1,0.2)",host#fe823726,1.2490009027033011e-17,0.06478783278236555
118,M6,1e-09,"(0.1,0.3)",host#053336e2,-5.1000870193718126e-17,0.015831389051204743
238,M6,1e-09,"(0.1,0.3)",host#2a9a8c7d,-1.64625257870199e-16,0.06423484982739641
358,M6,1e-09,"(0.1,0.3)",host#2ea82f5c,-7.355227538141662e-17,0.026782623997322594
478,M6,1e-09,"(0.1,0.3)",host#b1a00ec8,1.3010426069826053e-16,0.018749290728113495
598,M6,1e-09,"(0.1,0.3)",host#b9ec88ad,1.3600232051658169e-16,0.05922866478879041
718,M6,1e-09,"(0.1,0.3)",host#e0324c47,-1.3877787807814457e-17,0.05140731407377935
838,M6,1e-09,"(0.1,0.3)",host#e739d7ed,-1.3877787807814458e-18,0.031802798121791
958,M6,1e-09,"(0.1,0.3)",host#ea9ebc36,7.580741590018647e-17,0.01909290838913879
1078,M6,1e-09,"(0.1,0.3)",host#fe823726,-4.926614671774132e-17,0.042727571824079914
37,M6,1e-08,"(0.1,0.15)",host#053336e2,-7.355227538141662e-17,0.05034567226497422
157,M6,1e-08,"(0.1,0.15)",host#2a9a8c7d,1.0234868508263162e-16,0.08516431855762105
277,M6,1e-08,"(0.1,0.15)",host#2ea82f5c,0.0,0.0773987083767076
397,M6,1e-08,"(0.1,0.15)",host#b1a00ec8,-1.1657341758564144e-16,0.06897414785579346
517,M6,1e-08,"(0.1,0.15)",host#b9ec88ad,1.6653345369377348e-16,0.22791983829105744
637,M6,1e-08,"(0.1,0.15)",host#e0324c47,3.3306690738754695e-17,0.1395359239153766
757,M6,1e-08,"(0.1,0.15)",host#e739d7ed,-9.71445146547012e-17,0.1376011555393623
877,M6,1e-08,"(0.1,0.15)",host#ea9ebc36,-7.832276494035284e-17,0.07303723444345553
997,M6,1e-08,"(0.1,0.15)",host#fe823726,-1.7763568394002506e-16,0.2596272729537553
77,M6,1e-08,"(0.1,0.2)",host#053336e2,-1.3739009929736313e-16,0.05144207103593369
197,M6,1e-08,"(0.1,0.2)",host#2a9a8c7d,4.128641872824801e-17,0.04049086774818769
317,M6,1e-08,"(0.1,0.2)",host#2ea82f5c,-2.8796409701215e-17,0.08731074773485488
437,M6,1e-08,"(0.1,0.2)",host#b1a00ec8,-1.1726730697603215e-16,0.05346152111004545
557,M6,1e-08,"(0.1,0.2)",host#b9ec88ad,-8.881784197001253e-17,0.21688631345227688
677,M6,1e-08,"(0.1,0.2)",host#e0324c47,1.2490009027033011e-17,0.1345037490127395
797,M6,1e-08,"(0.1,0.2)",host#e739d7ed,2.7755575615628914e-17,0.1440922470588496
917,M6,1e-08,"(0.1,0.2)",host#ea9ebc36,-2.983724378680108e-17,0.04154244295708701
1037,M6,1e-08,"(0.1,0.2)",host#fe823726,-2.2204460492503132e-17,0.1733000763490996
117,M6,1e-08,"(0.1,0.3)",host#053336e2,-1.3600232051658169e-16,0.04416667951478609
237,M6,1e-08,"(0.1,0.3)",host#2a9a8c7d,2.0816681711721685e-16,0.024055808525765013
357,M6,1e-08,"(0.1,0.3)",host#2ea82f5c,-4.5796699765787705e-17,0.10160933453685411
477,M6,1e-08,"(0.1,0.3)",host#b1a00ec8,4.2240516640035255e-17,0.035534742763270136
597,M6,1e-08,"(0.1,0.3)",host#b9ec88ad,-5.967448757360216e-17,0.1245939199298705
717,M6,1e-08,"(0.1,0.3)",host#e0324c47,-3.3306690738754695e-17,0.08695726860943283
837,M6,1e-08,"(0.1,0.3)",host#e739d7ed,8.81239525796218e-17,0.09424577103605677
957,M6,1e-08,"(0.1,0.3)",host#ea9ebc36,9.575673587391976e-17,0.047519479922347216
1077,M6,1e-08,"(0.1,0.3)",host#fe823726,-7.494005416219807e-17,0.08391444919722216
36,M6,1e-07,"(0.1,0.15)",host#053336e2,6.800116025829084e-17,0.11984388695137263
156,M6,1e-07,"(0.1,0.15)",host#2a9a8c7d,1.469419204369604e-16,0.128680975918974
276,M6,1e-07,"(0.1,0.15)",host#2ea82f5c,1.700029006457271e-16,0.21292563134059925
396,M6,1e-07,"(0.1,0.15)",host#b1a00ec8,-5.689893001203927e-17,0.13487009559399
516,M6,1e-07,"(0.1,0.15)",host#b9ec88ad,1.4294121442048891e-16,0.19837309769604008
636,M6,1e-07,"(0.1,0.15)",host#e0324c47,-1.942890293094024e-16,0.2751036530729384
756,M6,1e-07,"(0.1,0.15)",host#e739d7ed,8.049116928532385e-17,0.22712151190784127
876,M6,1e-07,"(0.1,0.15)",host#ea9ebc36,9.43689570931383e-17,0.1514155259707519
996,M6,1e-07,"(0.1,0.15)",host#fe823726,4.718447854656915e-17,0.2693039808963704
76,M6,1e-07,"(0.1,0.2)",host#053336e2,-6.800116025829084e-17,0.09218629959508602
196,M6,1e-07,"(0.1,0.2)",host#2a9a8c7d,-3.7816971776294396e-17,0.08794989795731306
316,M6,1e-07,"(0.1,0.2)",host#2ea82f5c,-3.400058012914542e-17,0.16296590895650634
436,M6,1e-07,"(0.1,0.2)",host#b1a00ec8,-1.9827889330414905e-16,0.12421838122397762
556,M6,1e-07,"(0.1,0.2)",host#b9ec88ad,1.554312234475219e-16,0.23889827864007615
676,M6,1e-07,"(0.1,0.2)",host#e0324c47,-2.2204460492503132e-17,0.3042749164243232
796,M6,1e-07,"(0.1,0.2)",host#e739d7ed,1.8318679906315082e-16,0.14741581104030016
916,M6,1e-07,"(0.1,0.2)",host#ea9ebc36,1.6583956430338275e-16,0.161218925086682
1036,M6,1e-07,"(0.1,0.2)",host#fe823726,6.314393452555578e-17,0.2840381156463165
116,M6,1e-07,"(0.1,0.3)",host#053336e2,1.4432899320127036e-16,0.10720158036167309
236,M6,1e-07,"(0.1,0.3)",host#2a9a8c7d,-6.522560269672795e-17,0.06974933261573246
356,M6,1e-07,"(0.1,0.3)",host#2ea82f5c,1.4432899320127036e-16,0.16095403768131353
476,M6,1e-07,"(0.1,0.3)",host#b1a00ec8,1.3322676295501878e-16,0.12381153029129835
596,M6,1e-07,"(0.1,0.3)",host#b9ec88ad,-2.498001805406602e-16,0.17445989420872318
716,M6,1e-07,"(0.1,0.3)",host#e0324c47,-9.714451465470119e-18,0.16775202365622008
836,M6,1e-07,"(0.1,0.3)",host#e739d7ed,-4.0592529337857284e-17,0.16687945674563123
956,M6,1e-07,"(0.1,0.3)",host#ea9ebc36,9.298117831235686e-17,0.11293689124663611
1076,M6,1e-07,"(0.1,0.3)",host#fe823726,8.326672684688674e-17,0.2793940844733097
35,M6,1e-06,"(0.1,0.15)",host#053336e2,-2.1788126858268696e-16,0.12763530178125032
155,M6,1e-06,"(0.1,0.15)",host#2a9a8c7d,-3.608224830031759e-17,0.22747239928514162
275,M6,1e-06,"(0.1,0.15)",host#2ea82f5c,-2.2204460492503132e-17,0.2565655072552311
395,M6,1e-06,"(0.1,0.15)",host#b1a00ec8,-1.3253287356462807e-16,0.0699813249719439
515,M6,1e-06,"(0.1,0.15)",host#b9ec88ad,-3.3306690738754695e-17,0.3161524837921408
635,M6,1e-06,"(0.1,0.15)",host#e0324c47,1.4432899320127036e-16,0.29488037727151967
755,M6,1e-06,"(0.1,0.15)",host#e739d7ed,9.43689570931383e-17,0.31162524147226034
875,M6,1e-06,"(0.1,0.15)",host#ea9ebc36,-9.43689570931383e-17,0.29647027959028005
995,M6,1e-06,"(0.1,0.15)",host#fe823726,-9.992007221626409e-17,0.28802178768809344
75,M6,1e-06,"(0.1,0.2)",host#053336e2,3.608224830031759e-17,0.16867721569588212
195,M6,1e-06,"(0.1,0.2)",host#2a9a8c7d,-8.881784197001253e-17,0.1972564788067193
315,M6,1e-06,"(0.1,0.2)",host#2ea82f5c,2.2204460492503132e-17,0.31246367868849984
435,M6,1e-06,"(0.1,0.2)",host#b1a00ec8,9.992007221626409e-17,0.17490969041063353
555,M6,1e-06,"(0.1,0.2)",host#b9ec88ad,1.3600232051658169e-16,0.29569941868796573
675,M6,1e-06,"(0.1,0.2)",host#e0324c47,2.7755575615628914e-17,0.3211639390693687
795,M6,1e-06,"(0.1,0.2)",host#e739d7ed,1.554312234475219e-16,0.30913852154184324
915,M6,1e-06,"(0.1,0.2)",host#ea9ebc36,-2.1094237467877973e-16,0.21733368245120513
1035,M6,1e-06,"(0.1,0.2)",host#fe823726,1.0824674490095276e-16,0.3367351236473761
115,M6,1e-06,"(0.1,0.3)",host#053336e2,-9.992007221626409e-17,0.19227642473772333
235,M6,1e-06,"(0.1,0.3)",host#2a9a8c7d,3.3306690738754695e-17,0.1826681503109525
355,M6,1e-06,"(0.1,0.3)",host#2ea82f5c,-1.3877787807814457e-16,0.2522352639215621
475,M6,1e-06,"(0.1,0.3)",host#b1a00ec8,2.7755575615628914e-17,0.16467900189515408
595,M6,1e-06,"(0.1,0.3)",host#b9ec88ad,-5.828670879282072e-17,0.23477161442953973
715,M6,1e-06,"(0.1,0.3)",host#e0324c47,-2.7755575615628914e-17,0.28495261934945004
835,M6,1e-06,"(0.1,0.3)",host#e739d7ed,8.326672684688674e-17,0.33633811237225897
955,M6,1e-06,"(0.1,0.3)",host#ea9ebc36,-3.608224830031759e-17,0.2552733844529068
1075,M6,1e-06,"(0.1,0.3)",host#fe823726,-7.771561172376095e-17,0.3116347515013899
34,M6,1e-05,"(0.1,0.15)",host#053336e2,8.81239525796218e-17,0.0902241066790156
154,M6,1e-05,"(0.1,0.15)",host#2a9a8c7d,4.718447854656915e-17,0.23171254959194135
274,M6,1e-05,"(0.1,0.15)",host#2ea82f5c,3.3306690738754695e-17,0.6404450716438489
394,M6,1e-05,"(0.1,0.15)",host#b1a00ec8,-1.1796119636642288e-17,0.12265573926081542
514,M6,1e-05,"(0.1,0.15)",host#b9ec88ad,1.708702623837155e-16,0.0017323494770142467
634,M6,1e-05,"(0.1,0.15)",host#e0324c47,4.163336342344337e-17,0.32807963748540003
754,M6,1e-05,"(0.1,0.15)",host#e739d7ed,-1.0130785099704553e-16,0.016018575180285217
874,M6,1e-05,"(0.1,0.15)",host#ea9ebc36,-3.3306690738754695e-17,0.41118222920712455
994,M6,1e-05,"(0.1,0.15)",host#fe823726,6.774095173689431e-17,0.010467491456236674
74,M6,1e-05,"(0.1,0.2)",host#053336e2,-6.938893903907228e-18,0.17698086376459932
194,M6,1e-05,"(0.1,0.2)",host#2a9a8c7d,-1.3322676295501878e-16,0.2340173131790233
314,M6,1e-05,"(0.1,0.2)",host#2ea82f5c,1.2212453270876723e-16,0.2669047048858417
434,M6,1e-05,"(0.1,0.2)",host#b1a00ec8,1.7069679003611783e-16,0.16323341944139222
554,M6,1e-05,"(0.1,0.2)",host#b9ec88ad,1.1102230246251566e-17,0.3121058908127676
674,M6,1e-05,"(0.1,0.2)",host#e0324c47,2.4980018054066023e-17,0.3160454699438834
794,M6,1e-05,"(0.1,0.2)",host#e739d7ed,-3.053113317719181e-17,0.2502861479705162
914,M6,1e-05,"(0.1,0.2)",host#ea9ebc36,2.7755575615628914e-17,0.4362504104615191
1034,M6,1e-05,"(0.1,0.2)",host#fe823726,-1.6653345369377347e-17,0.2447705911481245
114,M6,1e-05,"(0.1,0.3)",host#053336e2,-1.2073675392798576e-16,0.14581330410079596
234,M6,1e-05,"(0.1,0.3)",host#2a9a8c7d,-1.1102230246251565e-16,0.25024636107529796
354,M6,1e-05,"(0.1,0.3)",host#2ea82f5c,6.661338147750939e-17,0.34540395571289556
474,M6,1e-05,"(0.1,0.3)",host#b1a00ec8,-2.498001805406602e-16,0.05560637885324851
594,M6,1e-05,"(0.1,0.3)",host#b9ec88ad,-1.6653345369377347e-17,0.20913130121983775
714,M6,1e-05,"(0.1,0.3)",host#e0324c47,7.216449660063518e-17,0.34455107997995105
834,M6,1e-05,"(0.1,0.3)",host#e739d7ed,5.551115123125783e-18,0.294439361131683
954,M6,1e-05,"(0.1,0.3)",host#ea9ebc36,0.0,0.33418930072548875
1074,M6,1e-05,"(0.1,0.3)",host#fe823726,2.7755575615628914e-17,0.3010828248932693
32,M6,0.0001,"(0.1,0.15)",host#053336e2,5.967448757360216e-17,0.17172601108962235
152,M6,0.0001,"(0.1,0.15)",host#2a9a8c7d,-3.5366674866477153e-17,0.01153878455710854
272,M6,0.0001,"(0.1,0.15)",host#2ea82f5c,2.0946785972419944e-17,0.0035384348120585806
392,M6,0.0001,"(0.1,0.15)",host#b1a00ec8,-1.3808398868775383e-16,0.012746979936480317
512,M6,0.0001,"(0.1,0.15)",host#b9ec88ad,-1.2264494975156027e-16,0.010794842589419857
632,M6,0.0001,"(0.1,0.15)",host#e0324c47,1.1908876662580782e-16,0.00652756631416152
752,M6,0.0001,"(0.1,0.15)",host#e739d7ed,-2.3869795029440865e-16,0.07337536904316719
872,M6,0.0001,"(0.1,0.15)",host#ea9ebc36,2.185751579730777e-17,0.007197807846544467
992,M6,0.0001,"(0.1,0.15)",host#fe823726,-2.2475239985081385e-16,0.00690405995137248
72,M6,0.0001,"(0.1,0.2)",host#053336e2,4.163336342344337e-18,0.18044006091319445
192,M6,0.0001,"(0.1,0.2)",host#2a9a8c7d,-7.246807320893111e-17,0.0038867835111087066
312,M6,0.0001,"(0.1,0.2)",host#2ea82f5c,-6.453171330633723e-17,0.011288417236775978
432,M6,0.0001,"(0.1,0.2)",host#b1a00ec8,-8.881784197001253e-17,0.17139934215703095
552,M6,0.0001,"(0.1,0.2)",host#b9ec88ad,-1.6701050264966711e-16,0.003509283655362383
672,M6,0.0001,"(0.1,0.2)",host#e0324c47,6.210310043996969e-17,0.015969014234865655
792,M6,0.0001,"(0.1,0.2)",host#e739d7ed,2.6020852139652105e-19,0.012302680762842974
912,M6,0.0001,"(0.1,0.2)",host#ea9ebc36,1.0972125985553305e-17,0.004749554540177655
1032,M6,0.0001,"(0.1,0.2)",host#fe823726,4.1806835771041053e-17,0.0035556999191401566
112,M6,0.0001,"(0.1,0.3)",host#053336e2,-9.645062526431048e-17,0.12527503028495343
232,M6,0.0001,"(0.1,0.3)",host#2a9a8c7d,-2.1371793224034264e-16,0.6533680803556894
352,M6,0.0001,"(0.1,0.3)",host#2ea82f5c,-1.0824674490095276e-16,0.007281757524781973
472,M6,0.0001,"(0.1,0.3)",host#b1a00ec8,1.2177758801357186e-16,0.07454732766385107
592,M6,0.0001,"(0.1,0.3)",host#b9ec88ad,2.2204460492503132e-17,0.7388265958695303
712,M6,0.0001,"(0.1,0.3)",host#e0324c47,1.1102230246251565e-16,0.2598208539863648
832,M6,0.0001,"(0.1,0.3)",host#e739d7ed,1.889113865338743e-16,0.016142546313018386
952,M6,0.0001,"(0.1,0.3)",host#ea9ebc36,1.6653345369377347e-17,0.7099716012684422
1072,M6,0.0001,"(0.1,0.3)",host#fe823726,-6.800116025829084e-17,0.260976064747147
33,M6,0.001,"(0.1,0.15)",host#053336e2,-1.0651202142497595e-16,0.0341727465674
153,M6,0.001,"(0.1,0.15)",host#2a9a8c7d,-1.5959455978986624e-17,0.03037771793849285
273,M6,0.001,"(0.1,0.15)",host#2ea82f5c,-1.7937040741600186e-16,0.027000732753973668
393,M6,0.001,"(0.1,0.15)",host#b1a00ec8,1.4502288259166106e-16,0.037151387502470254
513,M6,0.001,"(0.1,0.15)",host#b9ec88ad,-1.734723475976807e-17,0.02437095583573915
633,M6,0.001,"(0.1,0.15)",host#e0324c47,3.5908775952719906e-17,0.024526157507225952
753,M6,0.001,"(0.1,0.15)",host#e739d7ed,-9.107298248878237e-17,0.027251694024061485
873,M6,0.001,"(0.1,0.15)",host#ea9ebc36,-3.660266534311063e-17,0.028208556428832854
993,M6,0.001,"(0.1,0.15)",host#fe823726,-5.2735593669694933e-17,0.04094810265663809
73,M6,0.001,"(0.1,0.2)",host#053336e2,-1.1796119636642288e-17,0.12560335868152958
193,M6,0.001,"(0.1,0.2)",host#2a9a8c7d,-1.7416623698807144e-16,0.016514028660683872
313,M6,0.001,"(0.1,0.2)",host#2ea82f5c,8.430756093247283e-17,0.014307400931193773
433,M6,0.001,"(0.1,0.2)",host#b1a00ec8,7.0082828429463e-17,0.027316625125198456
553,M6,0.001,"(0.1,0.2)",host#b9ec88ad,2.2794266474335246e-16,0.009724710451030428
673,M6,0.001,"(0.1,0.2)",host#e0324c47,2.0122792321330962e-17,0.024552654249187067
793,M6,0.001,"(0.1,0.2)",host#e739d7ed,8.049116928532385e-17,0.7027262661015725
913,M6,0.001,"(0.1,0.2)",host#ea9ebc36,2.151057110211241e-17,0.014392740835577785
1033,M6,0.001,"(0.1,0.2)",host#fe823726,-4.267419750902946e-17,0.05508816297100854
113,M6,0.001,"(0.1,0.3)",host#053336e2,-1.0130785099704553e-16,0.15679760090912573
233,M6,0.001,"(0.1,0.3)",host#2a9a8c7d,2.38524477946811e-19,0.007346477588782616
353,M6,0.001,"(0.1,0.3)",host#2ea82f5c,8.001412032943023e-17,0.010201407493626528
473,M6,0.001,"(0.1,0.3)",host#b1a00ec8,-1.3877787807814458e-18,0.14487739822872245
593,M6,0.001,"(0.1,0.3)",host#b9ec88ad,1.5664552988070568e-16,0.00699458856138034
713,M6,0.001,"(0.1,0.3)",host#e0324c47,4.40619762898109e-17,0.02070760549802832
833,M6,0.001,"(0.1,0.3)",host#e739d7ed,6.696032617270476e-17,0.016433730401116436
953,M6,0.001,"(0.1,0.3)",host#ea9ebc36,-9.367506770274758e-17,0.014266391599579407
1073,M6,0.001,"(0.1,0.3)",host#fe823726,1.1119577481011332e-16,0.018096648391832615
